,Category,Job,Caption
15,architecture_and_engineering,Aerospace_Engineering_and_Operations_Technicians,a lady sitting in a chair while boots and vest and phone while wading through the middle of a man 
4,architecture_and_engineering,Aerospace_Engineers,a young girl is blowing the sunshine with a tie with a woman smiling and white 
26,architecture_and_engineering,Agricultural_Engineers,a man with a suit and an antique men and crowd of others restored officers 
17,architecture_and_engineering,Architects,a man who is he's lit up on through an elephant at their belongings in the camera while riding an adult trunks paying attention to each other carriage with several elephants stand by a store room 
8,architecture_and_engineering,Bioengineers_and_Biomedical_Engineers,a man is standing in a man 
12,architecture_and_engineering,Cartographers_and_Photogrammetrists,a man is smiling two people standing in a red bear 
19,architecture_and_engineering,Chemical_Engineers,"two people stand and a picture around a well pose to a  
 "
7,architecture_and_engineering,Civil_Engineering_Technologists_and_Technicians,a lady dressed in a river 
20,architecture_and_engineering,Civil_Engineers,a couple of people standing in front of an works on the legged with a hard towel by a chair 
0,architecture_and_engineering,Computer_Hardware_Engineers,man riding a clock in a fan 
18,architecture_and_engineering,Drafters,three men standing in the back with a woman holding a suit and a  photographs on fabric 
22,architecture_and_engineering,Electrical_and_Electronics_Engineering_Technicians,a person rides his shirt  looking down to talk to each other holding up 
13,architecture_and_engineering,Electrical_and_Electronics_Engineers,a person is standing on a herd of stuffed animals 
21,architecture_and_engineering,Electro-mechanical_Technicians,a woman in a bow tie while talking on a  posing for a black shirt rests on a blue tie on her head with her woman dressed in front of a green tie while holding a black jacket posing for a tank with a shirt and tie holding
9,architecture_and_engineering,Environmental_Engineering_Technologists_and_Technicians,a closeup of people walking across the jungle 
24,architecture_and_engineering,Environmental_Engineers,a man playing dressed in the camera as other people in arm side 
1,architecture_and_engineering,Health_and_Safety_Engineers,a couple of people walking behind herself to her back talking on her head waiting 
25,architecture_and_engineering,Industrial_Engineering_Technologists_and_Technicians,a man biting into a high in one  when people standing alone holding being photographed in his hands 
6,architecture_and_engineering,Industrial_Engineers,a man is riding a woman standing next to each other in a guitar 
14,architecture_and_engineering,Landscape_Architects,a man in captivity in front of a beard in the camera 
10,architecture_and_engineering,Marine_Engineers_and_Naval_Architects,a man in a large  is flying in the ocean 
16,architecture_and_engineering,Materials_Engineers,a man on a fedora and looking trunk observing 
27,architecture_and_engineering,Mechanical_Engineering_Technologists_and_Technicians,a man and a workspace with two apron and smiling takes two others stand in front of a store 
5,architecture_and_engineering,Mechanical_Engineers,a man is reaching into the sunshine in front of a pair of an office are in a stand 
2,architecture_and_engineering,Mining_and_Geological_Engineers,a man get a man 
28,architecture_and_engineering,Nuclear_Engineers,a person holding a red shirt is standing around each other people moving paint 
11,architecture_and_engineering,Petroleum_Engineers,a man and black and man who are riding a stuffed instrument front of scissors 
3,architecture_and_engineering,Surveying_and_Mapping_Technicians,a person riding a man riding down a sunny day 
23,architecture_and_engineering,Surveyors,a man feeds a white frisbee in a sky 
34,arts_and_design,Art_Directors,a boy in a hat smiles while talking to look on his arm next to a bottle 
29,arts_and_design,Craft_and_Fine_Artists,a man with a man in a large man on a man and shirt and a shirt is flipping a break and talking to each other side of a man in front of a red trunk under an elephant in the middle of people talking to eat rings on
30,arts_and_design,Fashion_Designers,a group of a group of people in a  walking in the middle 
31,arts_and_design,Graphic_Designers,a man standing in a long hair 
32,arts_and_design,Industrial_Designers,a donut and one slice of a burger with sandwiches and bananas and a pineapple on them  
33,arts_and_design,Interior_Designers,a woman is standing in batting suit hat and pink outside in the background 
35,arts_and_design,Special_Effects_Artists_and_Animators,a woman that is by some over a dog 
38,building_and_grounds_cleaning,Grounds_Maintenance_Workers,a man and a man eating a pair of frisbee 
36,building_and_grounds_cleaning,Janitors_and_Building_Cleaners,a man with lots of people walking inside a rock 
37,building_and_grounds_cleaning,Maintenance_Workers,a man in a young man who looks onward from the grass 
39,building_and_grounds_cleaning,Pest_Control_Workers,several men and black and white pose in a line the camera while waits for a frisbee and stands outside 
57,business_and_financial,Accountants_and_Auditors,two people with glasses are waiting to each other 
47,business_and_financial,Budget_Analysts,two men showing on a man with a woman stand on top of spray bones and  while making a suit is standing together in each other men in another two chairs with other men in a sun 
45,business_and_financial,Claims_Adjusters_Appraisers_Examiners_and_Investigators,a man in a air as others stand with skinny tie 
41,business_and_financial,Compensation_Benefits_and_Job_Analysis_Specialists,two women in a man drinking out in front of cake 
46,business_and_financial,Cost_Estimators,a man working next to a  
42,business_and_financial,Financial_Analysts,a man in a photo of a beard using a couch looking at his hat 
49,business_and_financial,Financial_Examiners,a man is talking on a formal within a pair of a lot of a woman in a woman 
44,business_and_financial,Fundraisers,a girl is smiling her using her 
50,business_and_financial,Health_Educators_and_Community_Health_Workers,a young man and black time woman and girl are posing with his head talking on green jacket talking to each hats walking and a woman in suits and smiling smiling while holding a woman wearing a man stands in front of an outdoor glow frisbee 
43,business_and_financial,Human_Resources_Specialists,a man poses into a man in shorts and  to each other hands in her mouth 
58,business_and_financial,Insurance_Underwriters,a person rides his video game on top of a table with a white shirt in the water 
52,business_and_financial,Labor_Relations_Specialists,a man talking on cell phones in a man checking don't century commercial officers 
55,business_and_financial,Loan_Officers,some people are sitting down a black leather mask and one is not thrown to a white photo of a beanie play a couple of a table next to each other people 
53,business_and_financial,Logisticians,two men are standing in tall blue jacket stands behind her motorcycles 
48,business_and_financial,Management_Analysts,two men talking on top of water and mans shirt  trunk 
60,business_and_financial,Market_Research_Analysts,two people who is playing sticks a shirt and holding his legs some other boy in a room 
54,business_and_financial,Meeting_Convention_and_Event_Planners,two women in the girls playing with a red  a room with a man beside a green and a picture uniform 
56,business_and_financial,Personal_Financial_Advisors,a couple of men standing next to do herself and stand together 
59,business_and_financial,Property_Appraisers_and_Assessors,a woman standing on top of a black plush mitt in a man next to a glass dresser 
40,business_and_financial,Purchasing_Managers_Buyers_and_Purchasing_Agents,a man and people walk in suits talking to her phones 
51,business_and_financial,Training_and_Development_Specialists,the man in a woman in the radio  stand behind her lap top of a dog 
61,community_and_social _service,Marriage_and_Family_Therapists,a man is in a mountainous area with orange 
66,community_and_social _service,Probation_Officers_and_Correctional_Treatment_Specialists,a man standing a   carry a picture of a picture of her looking behind a tie 
65,community_and_social _service,Rehabilitation_Counselors,two three men in asphalt in gras holding two kinds of a cake 
64,community_and_social _service,School_and_Career_Counselors_and_Advisors,two men people who are standing by a bunch of cake 
63,community_and_social _service,Social_Workers,there is a man with lots of children out in it 
68,community_and_social _service,Social_and_Human_Service_Assistants,a man that is talking to make white shirt watches a red shirt and women who is close to each other cake 
67,community_and_social _service,Substance_Abuse_Behavioral_Disorder_and_Mental_Health_Counselors,a man and one couple taking a bunch wearing a microphone stand in hand roots to tall dress 
62,community_and_social _service,Tax_Examiners_and_Collectors_and_Revenue_Agents,two men using a  in each hand piece of him 
72,computer_and_information_technology,Computer_Network_Architects,a man in suit in a shop 
74,computer_and_information_technology,Computer_Programmers,two people in the camera and walking on her hands in a closet 
69,computer_and_information_technology,Computer_Support_Specialists,a woman in white oxen 
76,computer_and_information_technology,Computer_Systems_Analysts,a man is who are wearing a suite sitting on top of his hand on his mouth on his object 
73,computer_and_information_technology,Computer_and_Information_Research_Scientists,a man in black costumed man is riding top of water 
75,computer_and_information_technology,Database_Administrators,two men inside of a  
77,computer_and_information_technology,Information_Security_Analysts,two men dressed in a cow standing by some and sandwiches on a dog on town rack of people 
71,computer_and_information_technology,Network_and_Computer_Systems_Administrators,a man is standing outside 
78,computer_and_information_technology,Software_Developers,a man in a tie is standing in holding in front of jumping in her thumb 
70,computer_and_information_technology,Web_Developers_and_Digital_Designers,two women woman with  on top of a  
84,construction_and_extraction,Boilermakers,a cart of photos of a large elephant's trunk in an boats 
86,construction_and_extraction,Carpenters,a man is performing a man in a  candle on a wreath being prepare to a big  black clothing on a fence watching some long cement trunk legs 
83,construction_and_extraction,Construction_Equipment_Operators,a woman being herded behind the boat riding walking in water 
82,construction_and_extraction,Construction_Laborers_and_Helpers,a man riding his suit walk by a elephant 
87,construction_and_extraction,Construction_and_Building_Inspectors,three people walk in between a towel rack on their heads for the event 
80,construction_and_extraction,Drywall_Installers_Ceiling_Tile_Installers_and_Tapers,a pair of animals walking in an old blue walls and room 
85,construction_and_extraction,Electricians,a man is standing in the air while she sings 
81,construction_and_extraction,Elevator_and_Escalator_Installers_and_Repairers,a couple are two photos of people talking next to each other on it 
79,construction_and_extraction,Flooring_Installers_and_Tile_and_Stone_Setters,man sitting on a frisbee toward himself in a pair of a couple of a large plastic wool up into a  a great lines on the ground by a man in the air up with a playing with a sunlit room with a bat in matching whipped stick
90,education_training_and_library,Adult_Basic_and_Secondary_Education_and_ESL_Teachers,two people standing by a man standing on some suit canadian in a man 
91,education_training_and_library,Archivists_Curators_and_Museum_Workers,a man in a tie and white tie 
98,education_training_and_library,Career_and_Technical_Education_Teachers,a man in business pose in a large feeder 
88,education_training_and_library,High_School_Teachers,a man and young woman in a living room is playing with hot dogs in between two  on a wii behind her baby in hand 
92,education_training_and_library,Instructional_Coordinators,two men and white photo of men standing by some others standing with two other animals 
100,education_training_and_library,Kindergarten_and_Elementary_School_Teachers,a couple of a couple of people standing in a man and a younger  from a white dress in front wheel with a fur is feeding the camera standing next to a wool two owls 
89,education_training_and_library,Librarians_and_Library_Media_Specialists,two people on a scooter alone in the wall 
93,education_training_and_library,Library_Technicians_and_Assistants,a person is standing in front of a red shirt 
95,education_training_and_library,Middle_School_Teachers,a young man wearing glasses is standing by a conversation in the shadows on a table 
99,education_training_and_library,Postsecondary_Teachers,a person in a pair of people walk by a frisbee 
97,education_training_and_library,Preschool_Teachers,a red and white shirt are holding a video game shot smiling in a white shoes 
94,education_training_and_library,Special_Education_Teachers,two men and man putting a man is feeding a man stands at the air one man in the camera 
96,education_training_and_library,Teacher_Assistants,a couple of women people graze in a restaurant 
103,entertainment_and_sports,Actors,two people who is two shoppers a wii 
101,entertainment_and_sports,Athletes_and_Sports_Competitors,a group of people standing next to a game of a  behind them is about bags 
102,entertainment_and_sports,Coaches_and_Scouts,four men are standing in a suit and ties another number of chefs stand in a women who has prepare some people preparing slips around a suits is work with some cows having a small chefs looking at slips on a black shirt looking back in a on his
105,entertainment_and_sports,Dancers_and_Choreographers,a man on a  looking into a large skateboard 
108,entertainment_and_sports,Music_Directors_and_Composers,a woman leaning next to each other men 
107,entertainment_and_sports,Musicians_and_Singers,a man and a man and one another man who is a person sit ready to each other green outfits together 
106,entertainment_and_sports,Producers_and_Directors,two guys talking to each in a small bathroom 
104,entertainment_and_sports,Umpires_Referees_and_Other_Sports_Officials,a man in white and a blue shirt is on a picture of a lighted couple of a body of the blue sky 
109,farming_fishing_and_forestry,Agricultural_Workers,a women are eating some outdoor toy animals 
112,farming_fishing_and_forestry,Fishing_and_Hunting_Workers,the boy riding a horse walk on a smaller raft on a sunny day 
111,farming_fishing_and_forestry,Forest_and_Conservation_Workers,a man is headed up the standing on  block 
110,farming_fishing_and_forestry,Logging_Workers,a man buying dog standing alone in front of a field 
117,food_preparation_and_serving,Bartenders,a skateboarder in the young boy and skinny tie and playing a suit smiles for the middle of a smile in a man and tie that are using a green photo of a man and a smiling at a  tie looking into a blue shirt and tie with
118,food_preparation_and_serving,Chefs_and_Head_Cooks,a group of people in a man and tie are preparing a dress holding each other people standing in each a man 
115,food_preparation_and_serving,Cooks,a man in a man standing alone in one posing for people take off 
116,food_preparation_and_serving,Food_Preparation_Workers,a man in matching and people stand together 
114,food_preparation_and_serving,Food_and_Beverage_Serving_and_Related_Workers,a man points dressed in a man mounted to a man and catching a man with phones 
113,food_preparation_and_serving,Waiters_and_Waitresses,a man playing on a statue of his  others watch 
135,healthcare,Athletic_Trainers,a man is standing in a photographer and hair and boy and a man using their heads are standing next to each front of herself flat open and urinals in the young man in front of an instrument a group of elephants standing in front walk idly in the
141,healthcare,Audiologists,a man dressed in blue jacket standing a phone 
136,healthcare,Chiropractors,a small boy in a looking each other 
128,healthcare,Dental_Assistants,a man are  from a pot together 
137,healthcare,Dental_Hygienists,a young woman in a person in suits and acting plain woman cow and standing by a  looking right with a black shirt being help himself in her arms by a man in a small white wrought glasses looking in looking  in a feet in a boat
124,healthcare,Dentists,the cows are putting all outside a black shirt in a room 
129,healthcare,Diagnostic_Medical_Sonographers_and_Cardiovascular_Technologists_and_Technicians_Including_Vascular_Technologists,two men are closed tie and hat  hanging in a cart with floral stacked in  toothbrush in front 
120,healthcare,Exercise_Physiologists,a young women who are  playing with a  for himself on his surfboard 
119,healthcare,Home_Health_and_Personal_Care_AidesHome_Health_and_Personal_Care_AidesHome_Health_and_Personal_Care_Aides,a couple of men in black and standing next to a fit holding video game controller 
131,healthcare,Massage_Therapists,a man standing in wide  on a large  with her suit of a red shirt  gun next to throw a large blue 
123,healthcare,Medical_Records_and_Health_Information_Specialists,two people behind two people walking on the camera tie 
121,healthcare,Medical_Transcriptionists,a close up and lady wearing a microphone near her hands and wearing a pizza 
145,healthcare,Nursing_Assistants_and_Orderlies,a boy is preparing a man and a red shirt is on the woman using a man on a white dress playing in his arm of a dog 
144,healthcare,Occupational_Therapists,a man in a couple of a black and a man in a bathing suit in a light fixture 
147,healthcare,Occupational_Therapy_Assistants_and_Aides,a large amount of a shaggy play furniture around in a black arm behind it 
130,healthcare,Opticians,a man holding a guy in a little tie is sitting on a cell phone 
133,healthcare,Optometrists,two people standing in front of a woman posing 
139,healthcare,Pharmacists,a man in suits are talking to flags 
122,healthcare,Phlebotomists,a man in  and up a formal level 
134,healthcare,Physical_Therapist_Assistants_and_Aides,there is two men on a man talking against a movie in a conversation 
132,healthcare,Physical_Therapists,a man is standing in the themself 
126,healthcare,Physicians_and_Surgeons,a man wearing suits standing next to each other animals 
127,healthcare,Podiatrists,two two people in suits are taking a festive sprinkled with his cell phones 
143,healthcare,Psychiatric_Technicians_and_Aides,a man holds two people are outdoors by a zebra and in a herd of a frisbee 
125,healthcare,Recreational_Therapists,a man and woman who is standing in front and smiles for a phone 
138,healthcare,Registered_Nurses,a woman in an image mirror on a suit bath room next to another man is eating some tie and catcher and a man in what he stands at a break to reveal a  a man standing in a shot convention with a cow together next to three
146,healthcare,Surgical_Technologists,two people are posing for a photo of two computers a very long hair and women in a couch water with two photos of people are talking a man holding their legs in a weird shirt and white horse's pose together in front of two chairs with a animals
142,healthcare,Veterinarians,a man in a black shirt a man standing next to each other in front of the camera looking marked  their neck 
140,healthcare,Veterinary_Assistants_and_Laboratory_Animal_Caretakers,two men who is hanging in a frisbee around it 
151,installation_maintenance_repair,Aircraft_and_Avionics_Equipment_Mechanics_and_Technicians,a pair of three stuffed animals are standing on a smaller frisbee in the sunny day 
158,installation_maintenance_repair,Automotive_Body_and_Glass_Repairers,a group of men are standing in people 
157,installation_maintenance_repair,Diesel_Service_Technicians_and_Mechanics,a man who are riding in a hat 
161,installation_maintenance_repair,Electrical_and_Electronics_Installers_and_Repairers,a man in a yellow shirt is outside in her owner 
160,installation_maintenance_repair,General_Maintenance_and_Repair_Workers,inside a large shorts attempts to a black pants rides his face 
153,installation_maintenance_repair,Heating_Air_Conditioning_and_Refrigeration_Mechanics_and_Installers,a man hangs shot of three people riding skis 
156,installation_maintenance_repair,Heavy_Vehicle_and_Mobile_Equipment_Service_Technicians,a man in front of a button that has some  wearing some sort with a pair of a  doing the camera with a camera on a draft neck while standing side of a picture of a black and head to a giant hat in the background 
159,installation_maintenance_repair,Industrial_Machinery_Mechanics_Machinery_Maintenance_Workers_and_Millwrights,two people are using repair during a meeting at a shop 
148,installation_maintenance_repair,Line_Installers_and_Repairers,a blue and white photo of a man on a blue sky background 
150,installation_maintenance_repair,Medical_Equipment_Repairers,a group of men looking at a has a table with skis 
152,installation_maintenance_repair,Small_Engine_Mechanics,a man hangs roots in their hands of a long hair 
155,installation_maintenance_repair,Technicians_and_Mechanics,two people standing next to each other 
154,installation_maintenance_repair,Telecommunications_Equipment_Installers_and_Repairers,the man in aged man leans up tie and preparing slips at a camera while another man and white shirt 
149,installation_maintenance_repair,Wind_Turbine_Technicians,a black and a person is getting a dress standing on top under a surf board 
166,legal_occupations,Arbitrators_Mediators_and_Conciliators,a man is sitting next to a sofa are singing over two chairs near a  all and nice snowboards are layer sofa standing near a connected very bright and a wetsuit and chairs in front of a red and a very nice other furniture and a christmas colors
163,legal_occupations,Court_Reporters_and_Simultaneous_Captioners,a white vase is  grassy area and bar 
165,legal_occupations,Judges_and_Hearing_Officers,a man  playing a video game in front of a  
162,legal_occupations,Lawyers,a man and white trunks and two girls playing in front of a shirt waits for a grassy area 
164,legal_occupations,Paralegals_and_Legal_Assistants,two people dressed in a snowboarder in a  with a person holding a t shirt holding a television in the reflection in a microphone up while holding a  in a button in a man in a house looking into the large building 
187,life_physical_and_social_science,Agricultural_and_Food_Science_Technicians,this is a bunch of young men in a tree in an shoulder 
188,life_physical_and_social_science,Agricultural_and_Food_Scientists,a man in a tie with a microphone slips on a cake 
183,life_physical_and_social_science,Anthropologists_and_Archeologists,there is a brown cows herded drinking water in front of a dry grass with people walking on the sand 
179,life_physical_and_social_science,Atmospheric_Scientists_Including_Meteorologists,group of people in a large jeans and a large  rowing tied to a water set of it not is ocean 
185,life_physical_and_social_science,Biochemists_and_BiophysicistsBiochemists_and_Biophysicists,an image of cake with a cherry legs and eating disc 
168,life_physical_and_social_science,Biological_Technicians,a man in a mean are standing and white flowers in a store face 
186,life_physical_and_social_science,Chemical_Technicians,a biker staff playing ties posing for a wedding bow tie 
193,life_physical_and_social_science,Chemists_and_Materials_Scientists,two people through a stylish man in a man 
171,life_physical_and_social_science,Conservation_Scientists_and_Foresters,a person in a foal 
194,life_physical_and_social_science,Economists,a man and two men are in a triple american flag inside a very pretty break on a selfie with people 
172,life_physical_and_social_science,Environmental_Science_and_Protection_Technicians,a person standing side of a park in the daytime 
190,life_physical_and_social_science,Environmental_Scientists_and_Specialists,a person in suits talk to get his shoulders 
169,life_physical_and_social_science,Epidemiologists,couple of men and tie and a tie is having a woman in a man taking a suit wearing a suit talking on top of a shirt in a black and smile with a microphone in a giant unused  and blue shirt and holding a long hair with
184,life_physical_and_social_science,Forensic_Science_Technicians,a group of people standing in paper 
177,life_physical_and_social_science,Geographers,a man is in hats and tie grazing 
191,life_physical_and_social_science,Geological_and_Hydrologic_Technicians,a man in a  riding in a herd of a man behind him 
178,life_physical_and_social_science,Geoscientists,a man on a green river with her arm 
170,life_physical_and_social_science,Historians,a group of men are one another man in a lot of a man in a man watches something with gentlemen on a shaggy ugly looking out from another man in plaid shirt and yellow shirts well picking up a area with a birthday book 
182,life_physical_and_social_science,Hydrologists,a group of people stand and women suit leather suit near a pot on top of baggage 
167,life_physical_and_social_science,Medical_Scientists,a man and white to a reflection of a man in a suit of people stand on a blue sky 
175,life_physical_and_social_science,Microbiologists,two men are grouped together in an older singing into a spray and looking onward 
195,life_physical_and_social_science,Nuclear_Technicians,some people in suit standing in the end 
189,life_physical_and_social_science,Physicists_and_Astronomers,a man riding a  musician in a store 
192,life_physical_and_social_science,Political_Scientists,a man and a group of young woman taking two people in a green shirt and tie and playing in a baby 
173,life_physical_and_social_science,Psychologists,two people standing on something with white shirt and brown dog in the middle of his teeth 
174,life_physical_and_social_science,Sociologists,two men all his beard and smiling 
176,life_physical_and_social_science,Survey_Researchers,two women stand in suits are posing for with their arm in a man 
181,life_physical_and_social_science,Urban_and_Regional_Planners,various men riding a photo in black hat and gloves gathered together 
180,life_physical_and_social_science,Zoologists_and_Wildlife_Biologists,a man smiling couple of a man falling across a  a man with a park 
213,management,Administrative_Services_and_Facilities_Managers,two people standing in white oxen 
200,management,Advertising_Promotions_and_Marketing_Managers,a man is a very work and yellow dog in front of a dog 
217,management,Architectural_and_Engineering_Managers,a group of children walk around a herd of a group of children playing drums nearby trees skiers stand together on their kids standing around a crowd of people on a group of soccer together walk around them stand all pictures while others hit three men riding their people
212,management,Compensation_and_Benefits_Managers,there are a man in a man in  taking a man listening to the camera and putting up the air while wearing suits are being moved at a bat 
202,management,Computer_and_Information_Systems_Managers,the couple of people are competing in a large black shirt 
204,management,Construction_Managers,two men are in a picture in an elephant 
196,management,Elementary_Middle_and_High_School_Principals, man standing behind a moving through window while putting up a giant store 
218,management,Emergency_Management_Directors,a person in a blue suit stands among their colors and white dress in a group of a shallow wrong catching a wall and posing for a persons wii 
207,management,Farmers_Ranchers_and_Other_Agricultural_Managers,a man inside a large all and orange tie all each other two stages of a picture in her face 
211,management,Financial_Managers,five men in a red shirt poses among other others watch 
219,management,Food_Service_Managers,a group of men that have a blue tie in a white dress shirt holding a white oxen 
206,management,Human_Resources_Managers,a man with people are standing next to each other protects 
201,management,Industrial_Production_Managers,a group of men standing in wet suit and a grey shirt and blue and a trick on the top of a black dress suit walk by a bridge in the air on a man in red and friend has a low against a  standing on the rain
205,management,Lodging_Managers,several people in suits are talking to chats at a man standing with multiple photos on paper as they get each other people play an  dressed in front of a business suits posing for she stands behind each other men standing together in uniforms standing and scarf in
208,management,Medical_and_Health_Services_Managers,a man makes a woman cooking a shirt talking in a man waiting to a black shirt a man is eating of silver shirt and a man standing in a large rooftop and one woman looking toward a man checking his kitchen scene in suits are talking to a
215,management,Natural_Sciences_Managers,a man and smiling zebra picks up a game in his hands in this crowd posing in the camera 
214,management,Postsecondary_Education_Administrators,a man in suits and two photos in the front of a house 
198,management,Preschool_and_Childcare_Center_Directors,two people are in a main on the computer 
210,management,Property_Real_Estate_and_Community_Association_Managers,four people standing in suits are talking to help 
199,management,Public_Relations_and_Fundraising_Managers,a couple of men and smile at a rooftop  some another woman in a room preparing a pony using a woman 
209,management,Sales_Managers,a man in glasses and one person in each using two others pose together 
197,management,Social_and_Community_Service_Managers,two four men are 
216,management,Top_Executives,five skiers walk through a barn of an feet and beard watching her arms 
203,management,Training_and_Development_Managers,men and two women stand in suits looking at their smiling 
221,math,Actuaries,a man in a man sitting on a dictionary tv down a formal apartment 
220,math,Mathematicians_and_Statisticians,a girl who is sitting on the top of a laptop computer in a blue  
222,math,Operations_Research_Analysts,a man playing some suits using laptops out of a white pants wearing a white t shirt microwave and smiling 
228,media_and_communication,Announcers,an men are using two others stand together by an office stands smiling 
226,media_and_communication,Broadcast_Sound_and_Video_Technicians,a man who is standing in a  on his tie 
227,media_and_communication,Editors,two men in his woman posing for the entrance and gloves and talking on top of a  
232,media_and_communication,Film_and_Video_Editors_and_Camera_Operators,a man and black and black and two people a woman  and a red and white hair leaning on the and a blue shirt with a sandwich 
229,media_and_communication,Interpreters_and_Translators,a man in a suit and tie making a man 
231,media_and_communication,Photographers,a man squinting at a baby sprinkles wearing hats 
230,media_and_communication,Public_Relations_Specialists,a couple of a man who is in a customer 
225,media_and_communication,Reporters_Correspondents_and_Broadcast_News_Analysts,a man ties dressed in other men with a microphone in their deer 
223,media_and_communication,Technical_Writers,a man and white photo of people each other people on his cell phones 
224,media_and_communication,Writers_and_Authors,an image of people are in jeans and chairs with a photo of a  area in the green white its mouth 
233,military,military,a large gray plane at a wire run down the london 
242,office_and_administrative_support,Bill_and_Account_Collectors,two men in suit and santa claus ties while a man in a woman shoulder holding a pool at a pair of a ruffled jeans 
241,office_and_administrative_support,Bookkeeping_Accounting_and_Auditing_Clerks,a couple of people stand with a picture in front of a white stove 
236,office_and_administrative_support,Customer_Service_Representatives,two men standing next to each other still 
235,office_and_administrative_support,Desktop_Publishers,a man with a woman wearing a blue shirt and arm wearing a woman in another couple of a white shirt eating an office area 
240,office_and_administrative_support,Financial_Clerks,two men standing in a woman in a giant tie 
244,office_and_administrative_support,General_Office_Clerks,a man is standing outside in a pin 
238,office_and_administrative_support,Information_Clerks,the woman stands and white photo of art about to a team contains a  her reflection in front of her arm trunk at classroom 
245,office_and_administrative_support,Material_Recording_Clerks,a man in a group of men in a man and a fenced in front of a room in front of his television 
239,office_and_administrative_support,Police_Fire_and_Ambulance_Dispatchers,a person playing in a suit with a wedding stand together 
246,office_and_administrative_support,Postal_Service_Workers,two men in a large horns in a wood shaped area with gold with their hands standing on a sidewalk 
234,office_and_administrative_support,Receptionists,a man in swim tie sweatshirt posing with two children 
243,office_and_administrative_support,Secretaries_and_Administrative_Assistants,a man and white shirt and dress is posing with her hot dogs 
237,office_and_administrative_support,Tellers,a man and sitting on top of bikes on it 
247,personal_care_and_service,Animal_Care_and_Service_Workers,a man in a purple horses in the water 
254,personal_care_and_service,Barbers_Hairstylists_and_Cosmetologists,a hipster a man on a very young children 
248,personal_care_and_service,Childcare_Workers,five people in a young man standing next to a  and with her head against it 
255,personal_care_and_service,Fitness_Trainers_and_Instructors,a young woman is standing together in front of a woman chats to each other putting her smart office door 
252,personal_care_and_service,Funeral_Service_Workers,a man in an umbrella behind it 
250,personal_care_and_service,Gambling_Services_Workers,a man riding a juggler nose in an apron doing a class in the sky 
253,personal_care_and_service,Manicurists_and_Pedicurists,a young man that is holding two girls in her fur stands by wearing their arms holding a wave with a log 
249,personal_care_and_service,Recreation_Workers,a group of people are in a field with a group of three kids walking across a palm trees and snowboards 
251,personal_care_and_service,Skincare_Specialists,a man at a  at a pillow near a small wooden table with a table with a couch sofa on a another with a large white dog and looking at a kitchen trunk on a couch lighting and a small sofa 
268,production,Assemblers_and_Fabricators,three people are playing some trunk walking by a logs 
259,production,Bakers,a man is taking a dog out in front of a fire place 
269,production,Butchers,a boy smiling man using a phone 
257,production,Dental_and_Ophthalmic_Laboratory_Technicians_and_Medical_Appliance_Technicians,a person riding on a large african style clothing 
264,production,Food_and_Tobacco_Processing_Workers,a man is a purple tall bow rug in head on a large colors 
256,production,Jewelers_and_Precious_Stone_and_Metal_Workers,a women who is next to a room in front of a  in a  the time as his kids stand in front of bananas 
263,production,Machinists_and_Tool_and_Die_Makers,two men pointing a man on refrigerator and tongs 
258,production,Metal_and_Plastic_Machine_Workers,a man and suit  something is seen hanging on a white table 
261,production,Painting_and_Coating_Workers,two cats stand inside of shower 
270,production,Power_Plant_Operators_Distributors_and_Dispatchers,a man riding a air shot of a suit and suit in a  by a piece of a  
266,production,Quality_Control_Inspectors,a man is in a young boy is standing at a zoo trunk 
260,production,Stationary_Engineers_and_Boiler_Operators,a picture of people standing in a broom 
265,production,Water_and_Wastewater_Treatment_Plant_and_System_Operators,some people tries to each other 
267,production,Welders_Cutters_Solderers_and_Brazers,a large small large old  of sheep are in green british banquet 
262,production,Woodworkers,a man in  in a dress 
273,protective_service,Correctional_Officers_and_Bailiffs,a woman in a young woman in a woman in a floral arrives hand 
275,protective_service,Fire_Inspectors,a woman that is in front of water with glasses and walking on the clear glass and vest next to a table 
274,protective_service,Firefighters,a woman are standing together in a man next to each other animals on wooden jet observe a very woman 
271,protective_service,Police_and_Detectives,a person who is working a motor way down on top of a dog 
276,protective_service,Private_Detectives_and_Investigators,a man in asian working together in a blanket 
272,protective_service,Security_Guards_and_Gambling_Surveillance_Officers,a boy in a large black hat walking on a frisbee near trees 
280,sales,Advertising_Sales_Agents,a man and women boarding in a long young woman with a  off some dress walks by each other 
278,sales,Cashiers,five people using a very serious are standing in a blue and brown and tie and white cows stand together in suits sitting on some chefs lined on display shop 
279,sales,Insurance_Sales_Agents,two men in each other arm stands while in a phone 
283,sales,Models,a boy in a man holding a dog takes a man with a crib with one is posing with a woman in front of a pair of a pink shirt holding something in each other playing disc 
281,sales,Real_Estate_Brokers_and_Sales_Agents,the man and a man smile to the bed in the middle of a picture of owls to her head out 
286,sales,Retail_Sales_Workers,a woman walking though public wear by  
277,sales,Sales_Engineers,two photos of people taking a house talking to text out of a blue and talking to walk convention 
284,sales,Securities_Commodities_and_Financial_Services_Sales_Agents,two people are standing around a home 
282,sales,Travel_Agents,two men who is reading something with a  on the floor 
285,sales,Wholesale_and_Manufacturing_Sales_Representatives,a man in a small  in a large floral 
289,transportation_and_material_moving,Air_Traffic_Controllers,a couple of swan end of a drums 
293,transportation_and_material_moving,Airline_and_Commercial_Pilots,a group of women in the baby and skinny carriage walking along 
288,transportation_and_material_moving,Delivery_Truck_Drivers_and_Driver_Sales_Workers,a man has a man on a stand in the trunk on the camera 
292,transportation_and_material_moving,Flight_Attendants,a man and smiling  
290,transportation_and_material_moving,Hand_Laborers_and_Material_Movers,a man in another person in an old man and a man sits in lounge counter with her men with three people standing on a couch and a pair of women wearing glasses 
294,transportation_and_material_moving,Heavy_and_Tractor-trailer_Truck_Drivers,someone carry letters a suit strapped down a road 
287,transportation_and_material_moving,Material_Moving_Machine_Operators,a man in a hat and guitar 
291,transportation_and_material_moving,Passenger_Vehicle_Drivers,there is a bus stopped at a light with a building with umbrellas 
295,transportation_and_material_moving,Railroad_Workers,two people are featured in a red and train suitcase next to daisies in a secluded area with a very city area 
296,transportation_and_material_moving,Water_Transportation_Workers,a person riding a picture painted a brown cat talking on top of a group of two black shirt 
