,Image,Caption,Job,Category
15,<PIL.JpegImagePlugin.JpegImageFile image mode=RGB size=70x50 at 0x7F59044DAD10>,a lady sitting in a chair while boots and vest and phone while wading through the middle of a man ,Aerospace_Engineering_and_Operations_Technicians,architecture_and_engineering
4,<PIL.JpegImagePlugin.JpegImageFile image mode=RGB size=70x50 at 0x7F59044DA090>,a young girl is blowing the sunshine with a tie with a woman smiling and white ,Aerospace_Engineers,architecture_and_engineering
26,<PIL.JpegImagePlugin.JpegImageFile image mode=RGB size=70x50 at 0x7F59044DA550>,a man with a suit and an antique men and crowd of others restored officers ,Agricultural_Engineers,architecture_and_engineering
17,<PIL.JpegImagePlugin.JpegImageFile image mode=RGB size=70x51 at 0x7F59044DA210>,a man who is he's lit up on through an elephant at their belongings in the camera while riding an adult trunks paying attention to each other carriage with several elephants stand by a store room ,Architects,architecture_and_engineering
8,<PIL.JpegImagePlugin.JpegImageFile image mode=RGB size=70x50 at 0x7F59044DAD90>,a man is standing in a man ,Bioengineers_and_Biomedical_Engineers,architecture_and_engineering
12,<PIL.JpegImagePlugin.JpegImageFile image mode=RGB size=70x50 at 0x7F59044DA4D0>,a man is smiling two people standing in a red bear ,Cartographers_and_Photogrammetrists,architecture_and_engineering
19,<PIL.JpegImagePlugin.JpegImageFile image mode=RGB size=70x50 at 0x7F59044DA3D0>,"two people stand and a picture around a well pose to a  
 ",Chemical_Engineers,architecture_and_engineering
7,<PIL.JpegImagePlugin.JpegImageFile image mode=RGB size=70x50 at 0x7F590450C090>,a lady dressed in a river ,Civil_Engineering_Technologists_and_Technicians,architecture_and_engineering
20,<PIL.JpegImagePlugin.JpegImageFile image mode=RGB size=70x50 at 0x7F59045E61D0>,a couple of people standing in front of an works on the legged with a hard towel by a chair ,Civil_Engineers,architecture_and_engineering
0,<PIL.JpegImagePlugin.JpegImageFile image mode=RGB size=69x50 at 0x7F59044E7610>,man riding a clock in a fan ,Computer_Hardware_Engineers,architecture_and_engineering
18,<PIL.JpegImagePlugin.JpegImageFile image mode=RGB size=70x51 at 0x7F59044DACD0>,three men standing in the back with a woman holding a suit and a  photographs on fabric ,Drafters,architecture_and_engineering
22,<PIL.JpegImagePlugin.JpegImageFile image mode=RGB size=70x50 at 0x7F590492BA50>,a person rides his shirt  looking down to talk to each other holding up ,Electrical_and_Electronics_Engineering_Technicians,architecture_and_engineering
13,<PIL.JpegImagePlugin.JpegImageFile image mode=RGB size=70x50 at 0x7F59045494D0>,a person is standing on a herd of stuffed animals ,Electrical_and_Electronics_Engineers,architecture_and_engineering
21,<PIL.JpegImagePlugin.JpegImageFile image mode=RGB size=70x50 at 0x7F590473A810>,a woman in a bow tie while talking on a  posing for a black shirt rests on a blue tie on her head with her woman dressed in front of a green tie while holding a black jacket posing for a tank with a shirt and tie holding,Electro-mechanical_Technicians,architecture_and_engineering
9,<PIL.JpegImagePlugin.JpegImageFile image mode=RGB size=70x50 at 0x7F590473A290>,a closeup of people walking across the jungle ,Environmental_Engineering_Technologists_and_Technicians,architecture_and_engineering
24,<PIL.JpegImagePlugin.JpegImageFile image mode=RGB size=70x50 at 0x7F59045E8CD0>,a man playing dressed in the camera as other people in arm side ,Environmental_Engineers,architecture_and_engineering
1,<PIL.JpegImagePlugin.JpegImageFile image mode=RGB size=70x50 at 0x7F590473A590>,a couple of people walking behind herself to her back talking on her head waiting ,Health_and_Safety_Engineers,architecture_and_engineering
25,<PIL.JpegImagePlugin.JpegImageFile image mode=RGB size=70x50 at 0x7F5904551610>,a man biting into a high in one  when people standing alone holding being photographed in his hands ,Industrial_Engineering_Technologists_and_Technicians,architecture_and_engineering
6,<PIL.JpegImagePlugin.JpegImageFile image mode=RGB size=70x50 at 0x7F5904551F90>,a man is riding a woman standing next to each other in a guitar ,Industrial_Engineers,architecture_and_engineering
14,<PIL.JpegImagePlugin.JpegImageFile image mode=RGB size=70x50 at 0x7F5904551A90>,a man in captivity in front of a beard in the camera ,Landscape_Architects,architecture_and_engineering
10,<PIL.JpegImagePlugin.JpegImageFile image mode=RGB size=70x50 at 0x7F5904551390>,a man in a large  is flying in the ocean ,Marine_Engineers_and_Naval_Architects,architecture_and_engineering
16,<PIL.JpegImagePlugin.JpegImageFile image mode=RGB size=70x50 at 0x7F5904551950>,a man on a fedora and looking trunk observing ,Materials_Engineers,architecture_and_engineering
27,<PIL.JpegImagePlugin.JpegImageFile image mode=RGB size=70x50 at 0x7F5904551E10>,a man and a workspace with two apron and smiling takes two others stand in front of a store ,Mechanical_Engineering_Technologists_and_Technicians,architecture_and_engineering
5,<PIL.JpegImagePlugin.JpegImageFile image mode=RGB size=70x50 at 0x7F5904551CD0>,a man is reaching into the sunshine in front of a pair of an office are in a stand ,Mechanical_Engineers,architecture_and_engineering
2,<PIL.JpegImagePlugin.JpegImageFile image mode=RGB size=70x50 at 0x7F5904551310>,a man get a man ,Mining_and_Geological_Engineers,architecture_and_engineering
28,<PIL.JpegImagePlugin.JpegImageFile image mode=RGB size=70x50 at 0x7F5904551A50>,a person holding a red shirt is standing around each other people moving paint ,Nuclear_Engineers,architecture_and_engineering
11,<PIL.JpegImagePlugin.JpegImageFile image mode=RGB size=70x50 at 0x7F59047A97D0>,a man and black and man who are riding a stuffed instrument front of scissors ,Petroleum_Engineers,architecture_and_engineering
3,<PIL.JpegImagePlugin.JpegImageFile image mode=RGB size=70x50 at 0x7F5904551B50>,a person riding a man riding down a sunny day ,Surveying_and_Mapping_Technicians,architecture_and_engineering
23,<PIL.JpegImagePlugin.JpegImageFile image mode=RGB size=70x49 at 0x7F590463E350>,a man feeds a white frisbee in a sky ,Surveyors,architecture_and_engineering
34,<PIL.JpegImagePlugin.JpegImageFile image mode=RGB size=70x50 at 0x7F590463E310>,a boy in a hat smiles while talking to look on his arm next to a bottle ,Art_Directors,arts_and_design
29,<PIL.JpegImagePlugin.JpegImageFile image mode=RGB size=70x50 at 0x7F590463E9D0>,a man with a man in a large man on a man and shirt and a shirt is flipping a break and talking to each other side of a man in front of a red trunk under an elephant in the middle of people talking to eat rings on,Craft_and_Fine_Artists,arts_and_design
30,<PIL.JpegImagePlugin.JpegImageFile image mode=RGB size=70x50 at 0x7F59045596D0>,a group of a group of people in a  walking in the middle ,Fashion_Designers,arts_and_design
31,<PIL.JpegImagePlugin.JpegImageFile image mode=RGB size=70x50 at 0x7F590463EC10>,a man standing in a long hair ,Graphic_Designers,arts_and_design
32,<PIL.JpegImagePlugin.JpegImageFile image mode=RGB size=70x50 at 0x7F59044DECD0>,a donut and one slice of a burger with sandwiches and bananas and a pineapple on them  ,Industrial_Designers,arts_and_design
33,<PIL.JpegImagePlugin.JpegImageFile image mode=RGB size=70x50 at 0x7F59044DE350>,a woman is standing in batting suit hat and pink outside in the background ,Interior_Designers,arts_and_design
35,<PIL.JpegImagePlugin.JpegImageFile image mode=RGB size=70x50 at 0x7F59044DE6D0>,a woman that is by some over a dog ,Special_Effects_Artists_and_Animators,arts_and_design
38,<PIL.JpegImagePlugin.JpegImageFile image mode=RGB size=70x50 at 0x7F59044DEED0>,a man and a man eating a pair of frisbee ,Grounds_Maintenance_Workers,building_and_grounds_cleaning
36,<PIL.JpegImagePlugin.JpegImageFile image mode=RGB size=70x50 at 0x7F59044DE390>,a man with lots of people walking inside a rock ,Janitors_and_Building_Cleaners,building_and_grounds_cleaning
37,<PIL.JpegImagePlugin.JpegImageFile image mode=RGB size=70x50 at 0x7F59044DE990>,a man in a young man who looks onward from the grass ,Maintenance_Workers,building_and_grounds_cleaning
39,<PIL.JpegImagePlugin.JpegImageFile image mode=RGB size=70x50 at 0x7F59044DEE90>,several men and black and white pose in a line the camera while waits for a frisbee and stands outside ,Pest_Control_Workers,building_and_grounds_cleaning
57,<PIL.JpegImagePlugin.JpegImageFile image mode=RGB size=70x50 at 0x7F59044DE710>,two people with glasses are waiting to each other ,Accountants_and_Auditors,business_and_financial
47,<PIL.JpegImagePlugin.JpegImageFile image mode=RGB size=70x50 at 0x7F59044DEDD0>,two men showing on a man with a woman stand on top of spray bones and  while making a suit is standing together in each other men in another two chairs with other men in a sun ,Budget_Analysts,business_and_financial
45,<PIL.JpegImagePlugin.JpegImageFile image mode=RGB size=70x50 at 0x7F59044DE690>,a man in a air as others stand with skinny tie ,Claims_Adjusters_Appraisers_Examiners_and_Investigators,business_and_financial
41,<PIL.JpegImagePlugin.JpegImageFile image mode=RGB size=70x50 at 0x7F59044DEBD0>,two women in a man drinking out in front of cake ,Compensation_Benefits_and_Job_Analysis_Specialists,business_and_financial
46,<PIL.JpegImagePlugin.JpegImageFile image mode=RGB size=70x50 at 0x7F59044DE590>,a man working next to a  ,Cost_Estimators,business_and_financial
42,<PIL.JpegImagePlugin.JpegImageFile image mode=RGB size=70x50 at 0x7F5904746710>,a man in a photo of a beard using a couch looking at his hat ,Financial_Analysts,business_and_financial
49,<PIL.JpegImagePlugin.JpegImageFile image mode=RGB size=70x50 at 0x7F59044DE090>,a man is talking on a formal within a pair of a lot of a woman in a woman ,Financial_Examiners,business_and_financial
44,<PIL.JpegImagePlugin.JpegImageFile image mode=RGB size=70x50 at 0x7F5904527B10>,a girl is smiling her using her ,Fundraisers,business_and_financial
50,<PIL.JpegImagePlugin.JpegImageFile image mode=RGB size=70x50 at 0x7F5904543390>,a young man and black time woman and girl are posing with his head talking on green jacket talking to each hats walking and a woman in suits and smiling smiling while holding a woman wearing a man stands in front of an outdoor glow frisbee ,Health_Educators_and_Community_Health_Workers,business_and_financial
43,<PIL.JpegImagePlugin.JpegImageFile image mode=RGB size=70x50 at 0x7F5904543310>,a man poses into a man in shorts and  to each other hands in her mouth ,Human_Resources_Specialists,business_and_financial
58,<PIL.JpegImagePlugin.JpegImageFile image mode=RGB size=70x50 at 0x7F59045434D0>,a person rides his video game on top of a table with a white shirt in the water ,Insurance_Underwriters,business_and_financial
52,<PIL.JpegImagePlugin.JpegImageFile image mode=RGB size=70x50 at 0x7F5904543410>,a man talking on cell phones in a man checking don't century commercial officers ,Labor_Relations_Specialists,business_and_financial
55,<PIL.JpegImagePlugin.JpegImageFile image mode=RGB size=70x50 at 0x7F59044DAF50>,some people are sitting down a black leather mask and one is not thrown to a white photo of a beanie play a couple of a table next to each other people ,Loan_Officers,business_and_financial
53,<PIL.JpegImagePlugin.JpegImageFile image mode=RGB size=70x50 at 0x7F5904543A90>,two men are standing in tall blue jacket stands behind her motorcycles ,Logisticians,business_and_financial
48,<PIL.JpegImagePlugin.JpegImageFile image mode=RGB size=70x50 at 0x7F5904543350>,two men talking on top of water and mans shirt  trunk ,Management_Analysts,business_and_financial
60,<PIL.JpegImagePlugin.JpegImageFile image mode=RGB size=70x50 at 0x7F5904543DD0>,two people who is playing sticks a shirt and holding his legs some other boy in a room ,Market_Research_Analysts,business_and_financial
54,<PIL.JpegImagePlugin.JpegImageFile image mode=RGB size=70x50 at 0x7F5904543210>,two women in the girls playing with a red  a room with a man beside a green and a picture uniform ,Meeting_Convention_and_Event_Planners,business_and_financial
56,<PIL.JpegImagePlugin.JpegImageFile image mode=RGB size=70x50 at 0x7F5904543690>,a couple of men standing next to do herself and stand together ,Personal_Financial_Advisors,business_and_financial
59,<PIL.JpegImagePlugin.JpegImageFile image mode=RGB size=69x50 at 0x7F59045432D0>,a woman standing on top of a black plush mitt in a man next to a glass dresser ,Property_Appraisers_and_Assessors,business_and_financial
40,<PIL.JpegImagePlugin.JpegImageFile image mode=RGB size=72x50 at 0x7F5904543A50>,a man and people walk in suits talking to her phones ,Purchasing_Managers_Buyers_and_Purchasing_Agents,business_and_financial
51,<PIL.JpegImagePlugin.JpegImageFile image mode=RGB size=70x50 at 0x7F5904543E50>,the man in a woman in the radio  stand behind her lap top of a dog ,Training_and_Development_Specialists,business_and_financial
61,<PIL.JpegImagePlugin.JpegImageFile image mode=RGB size=70x50 at 0x7F590450C1D0>,a man is in a mountainous area with orange ,Marriage_and_Family_Therapists,community_and_social _service
66,<PIL.JpegImagePlugin.JpegImageFile image mode=RGB size=70x50 at 0x7F590450C150>,a man standing a   carry a picture of a picture of her looking behind a tie ,Probation_Officers_and_Correctional_Treatment_Specialists,community_and_social _service
65,<PIL.JpegImagePlugin.JpegImageFile image mode=RGB size=70x50 at 0x7F590450C290>,two three men in asphalt in gras holding two kinds of a cake ,Rehabilitation_Counselors,community_and_social _service
64,<PIL.JpegImagePlugin.JpegImageFile image mode=RGB size=70x50 at 0x7F590450C390>,two men people who are standing by a bunch of cake ,School_and_Career_Counselors_and_Advisors,community_and_social _service
63,<PIL.JpegImagePlugin.JpegImageFile image mode=RGB size=70x50 at 0x7F590450C490>,there is a man with lots of children out in it ,Social_Workers,community_and_social _service
68,<PIL.JpegImagePlugin.JpegImageFile image mode=RGB size=70x50 at 0x7F590450C590>,a man that is talking to make white shirt watches a red shirt and women who is close to each other cake ,Social_and_Human_Service_Assistants,community_and_social _service
67,<PIL.JpegImagePlugin.JpegImageFile image mode=RGB size=70x50 at 0x7F590450C690>,a man and one couple taking a bunch wearing a microphone stand in hand roots to tall dress ,Substance_Abuse_Behavioral_Disorder_and_Mental_Health_Counselors,community_and_social _service
62,<PIL.JpegImagePlugin.JpegImageFile image mode=RGB size=70x50 at 0x7F590450C790>,two men using a  in each hand piece of him ,Tax_Examiners_and_Collectors_and_Revenue_Agents,community_and_social _service
72,<PIL.JpegImagePlugin.JpegImageFile image mode=RGB size=70x50 at 0x7F590450C890>,a man in suit in a shop ,Computer_Network_Architects,computer_and_information_technology
74,<PIL.JpegImagePlugin.JpegImageFile image mode=RGB size=70x50 at 0x7F590450C990>,two people in the camera and walking on her hands in a closet ,Computer_Programmers,computer_and_information_technology
69,<PIL.JpegImagePlugin.JpegImageFile image mode=RGB size=70x50 at 0x7F59044DAA90>,a woman in white oxen ,Computer_Support_Specialists,computer_and_information_technology
76,<PIL.JpegImagePlugin.JpegImageFile image mode=RGB size=70x50 at 0x7F590450CED0>,a man is who are wearing a suite sitting on top of his hand on his mouth on his object ,Computer_Systems_Analysts,computer_and_information_technology
73,<PIL.JpegImagePlugin.JpegImageFile image mode=RGB size=70x50 at 0x7F590450CD10>,a man in black costumed man is riding top of water ,Computer_and_Information_Research_Scientists,computer_and_information_technology
75,<PIL.JpegImagePlugin.JpegImageFile image mode=RGB size=70x50 at 0x7F590450CD50>,two men inside of a  ,Database_Administrators,computer_and_information_technology
77,<PIL.JpegImagePlugin.JpegImageFile image mode=RGB size=69x50 at 0x7F590450CF50>,two men dressed in a cow standing by some and sandwiches on a dog on town rack of people ,Information_Security_Analysts,computer_and_information_technology
71,<PIL.JpegImagePlugin.JpegImageFile image mode=RGB size=70x50 at 0x7F5904493150>,a man is standing outside ,Network_and_Computer_Systems_Administrators,computer_and_information_technology
78,<PIL.JpegImagePlugin.JpegImageFile image mode=RGB size=70x50 at 0x7F5904493110>,a man in a tie is standing in holding in front of jumping in her thumb ,Software_Developers,computer_and_information_technology
70,<PIL.JpegImagePlugin.JpegImageFile image mode=RGB size=70x50 at 0x7F5904493210>,two women woman with  on top of a  ,Web_Developers_and_Digital_Designers,computer_and_information_technology
84,<PIL.JpegImagePlugin.JpegImageFile image mode=RGB size=70x50 at 0x7F5904493310>,a cart of photos of a large elephant's trunk in an boats ,Boilermakers,construction_and_extraction
86,<PIL.JpegImagePlugin.JpegImageFile image mode=RGB size=70x50 at 0x7F5904493410>,a man is performing a man in a  candle on a wreath being prepare to a big  black clothing on a fence watching some long cement trunk legs ,Carpenters,construction_and_extraction
83,<PIL.JpegImagePlugin.JpegImageFile image mode=RGB size=70x50 at 0x7F5904493510>,a woman being herded behind the boat riding walking in water ,Construction_Equipment_Operators,construction_and_extraction
82,<PIL.JpegImagePlugin.JpegImageFile image mode=RGB size=70x50 at 0x7F5904493610>,a man riding his suit walk by a elephant ,Construction_Laborers_and_Helpers,construction_and_extraction
87,<PIL.JpegImagePlugin.JpegImageFile image mode=RGB size=70x50 at 0x7F5904493710>,three people walk in between a towel rack on their heads for the event ,Construction_and_Building_Inspectors,construction_and_extraction
80,<PIL.JpegImagePlugin.JpegImageFile image mode=RGB size=70x50 at 0x7F5904493810>,a pair of animals walking in an old blue walls and room ,Drywall_Installers_Ceiling_Tile_Installers_and_Tapers,construction_and_extraction
85,<PIL.JpegImagePlugin.JpegImageFile image mode=RGB size=70x50 at 0x7F5904493910>,a man is standing in the air while she sings ,Electricians,construction_and_extraction
81,<PIL.JpegImagePlugin.JpegImageFile image mode=RGB size=70x50 at 0x7F5904493A10>,a couple are two photos of people talking next to each other on it ,Elevator_and_Escalator_Installers_and_Repairers,construction_and_extraction
79,<PIL.JpegImagePlugin.JpegImageFile image mode=RGB size=67x50 at 0x7F5904493B10>,man sitting on a frisbee toward himself in a pair of a couple of a large plastic wool up into a  a great lines on the ground by a man in the air up with a playing with a sunlit room with a bat in matching whipped stick,Flooring_Installers_and_Tile_and_Stone_Setters,construction_and_extraction
90,<PIL.JpegImagePlugin.JpegImageFile image mode=RGB size=70x50 at 0x7F5904493C10>,two people standing by a man standing on some suit canadian in a man ,Adult_Basic_and_Secondary_Education_and_ESL_Teachers,education_training_and_library
91,<PIL.JpegImagePlugin.JpegImageFile image mode=RGB size=68x50 at 0x7F5904493D10>,a man in a tie and white tie ,Archivists_Curators_and_Museum_Workers,education_training_and_library
98,<PIL.JpegImagePlugin.JpegImageFile image mode=RGB size=70x50 at 0x7F5904493E10>,a man in business pose in a large feeder ,Career_and_Technical_Education_Teachers,education_training_and_library
88,<PIL.JpegImagePlugin.JpegImageFile image mode=RGB size=70x50 at 0x7F590449C090>,a man and young woman in a living room is playing with hot dogs in between two  on a wii behind her baby in hand ,High_School_Teachers,education_training_and_library
92,<PIL.JpegImagePlugin.JpegImageFile image mode=RGB size=70x50 at 0x7F590449C050>,two men and white photo of men standing by some others standing with two other animals ,Instructional_Coordinators,education_training_and_library
100,<PIL.JpegImagePlugin.JpegImageFile image mode=RGB size=70x50 at 0x7F590449C150>,a couple of a couple of people standing in a man and a younger  from a white dress in front wheel with a fur is feeding the camera standing next to a wool two owls ,Kindergarten_and_Elementary_School_Teachers,education_training_and_library
89,<PIL.JpegImagePlugin.JpegImageFile image mode=RGB size=70x50 at 0x7F590449C250>,two people on a scooter alone in the wall ,Librarians_and_Library_Media_Specialists,education_training_and_library
93,<PIL.JpegImagePlugin.JpegImageFile image mode=RGB size=70x50 at 0x7F590449C350>,a person is standing in front of a red shirt ,Library_Technicians_and_Assistants,education_training_and_library
95,<PIL.JpegImagePlugin.JpegImageFile image mode=RGB size=70x50 at 0x7F59045E6550>,a young man wearing glasses is standing by a conversation in the shadows on a table ,Middle_School_Teachers,education_training_and_library
99,<PIL.JpegImagePlugin.JpegImageFile image mode=RGB size=70x50 at 0x7F590449C610>,a person in a pair of people walk by a frisbee ,Postsecondary_Teachers,education_training_and_library
97,<PIL.JpegImagePlugin.JpegImageFile image mode=RGB size=70x50 at 0x7F5904543F10>,a red and white shirt are holding a video game shot smiling in a white shoes ,Preschool_Teachers,education_training_and_library
94,<PIL.JpegImagePlugin.JpegImageFile image mode=RGB size=70x50 at 0x7F590449C750>,two men and man putting a man is feeding a man stands at the air one man in the camera ,Special_Education_Teachers,education_training_and_library
96,<PIL.JpegImagePlugin.JpegImageFile image mode=RGB size=70x50 at 0x7F590449C7D0>,a couple of women people graze in a restaurant ,Teacher_Assistants,education_training_and_library
103,<PIL.JpegImagePlugin.JpegImageFile image mode=RGB size=70x50 at 0x7F590449C950>,two people who is two shoppers a wii ,Actors,entertainment_and_sports
101,<PIL.JpegImagePlugin.JpegImageFile image mode=RGB size=70x50 at 0x7F590449CA50>,a group of people standing next to a game of a  behind them is about bags ,Athletes_and_Sports_Competitors,entertainment_and_sports
102,<PIL.JpegImagePlugin.JpegImageFile image mode=RGB size=70x50 at 0x7F590449CB50>,four men are standing in a suit and ties another number of chefs stand in a women who has prepare some people preparing slips around a suits is work with some cows having a small chefs looking at slips on a black shirt looking back in a on his,Coaches_and_Scouts,entertainment_and_sports
105,<PIL.JpegImagePlugin.JpegImageFile image mode=RGB size=70x50 at 0x7F590449CC50>,a man on a  looking into a large skateboard ,Dancers_and_Choreographers,entertainment_and_sports
108,<PIL.JpegImagePlugin.JpegImageFile image mode=RGB size=70x50 at 0x7F590449CD50>,a woman leaning next to each other men ,Music_Directors_and_Composers,entertainment_and_sports
107,<PIL.JpegImagePlugin.JpegImageFile image mode=RGB size=70x50 at 0x7F590449CE50>,a man and a man and one another man who is a person sit ready to each other green outfits together ,Musicians_and_Singers,entertainment_and_sports
106,<PIL.JpegImagePlugin.JpegImageFile image mode=RGB size=70x50 at 0x7F59044AB0D0>,two guys talking to each in a small bathroom ,Producers_and_Directors,entertainment_and_sports
104,<PIL.JpegImagePlugin.JpegImageFile image mode=RGB size=70x50 at 0x7F59044AB090>,a man in white and a blue shirt is on a picture of a lighted couple of a body of the blue sky ,Umpires_Referees_and_Other_Sports_Officials,entertainment_and_sports
109,<PIL.JpegImagePlugin.JpegImageFile image mode=RGB size=70x50 at 0x7F59044AB190>,a women are eating some outdoor toy animals ,Agricultural_Workers,farming_fishing_and_forestry
112,<PIL.JpegImagePlugin.JpegImageFile image mode=RGB size=70x50 at 0x7F59044AB290>,the boy riding a horse walk on a smaller raft on a sunny day ,Fishing_and_Hunting_Workers,farming_fishing_and_forestry
111,<PIL.JpegImagePlugin.JpegImageFile image mode=RGB size=70x50 at 0x7F59044AB390>,a man is headed up the standing on  block ,Forest_and_Conservation_Workers,farming_fishing_and_forestry
110,<PIL.JpegImagePlugin.JpegImageFile image mode=RGB size=70x50 at 0x7F59044AB490>,a man buying dog standing alone in front of a field ,Logging_Workers,farming_fishing_and_forestry
117,<PIL.JpegImagePlugin.JpegImageFile image mode=RGB size=70x50 at 0x7F59044AB590>,a skateboarder in the young boy and skinny tie and playing a suit smiles for the middle of a smile in a man and tie that are using a green photo of a man and a smiling at a  tie looking into a blue shirt and tie with,Bartenders,food_preparation_and_serving
118,<PIL.JpegImagePlugin.JpegImageFile image mode=RGB size=70x50 at 0x7F59044AB690>,a group of people in a man and tie are preparing a dress holding each other people standing in each a man ,Chefs_and_Head_Cooks,food_preparation_and_serving
115,<PIL.JpegImagePlugin.JpegImageFile image mode=RGB size=70x51 at 0x7F59044AB790>,a man in a man standing alone in one posing for people take off ,Cooks,food_preparation_and_serving
116,<PIL.JpegImagePlugin.JpegImageFile image mode=RGB size=70x50 at 0x7F59044AB890>,a man in matching and people stand together ,Food_Preparation_Workers,food_preparation_and_serving
114,<PIL.JpegImagePlugin.JpegImageFile image mode=RGB size=70x50 at 0x7F59044AB990>,a man points dressed in a man mounted to a man and catching a man with phones ,Food_and_Beverage_Serving_and_Related_Workers,food_preparation_and_serving
113,<PIL.JpegImagePlugin.JpegImageFile image mode=RGB size=68x50 at 0x7F59044ABA90>,a man playing on a statue of his  others watch ,Waiters_and_Waitresses,food_preparation_and_serving
135,<PIL.JpegImagePlugin.JpegImageFile image mode=RGB size=70x50 at 0x7F59044ABB90>,a man is standing in a photographer and hair and boy and a man using their heads are standing next to each front of herself flat open and urinals in the young man in front of an instrument a group of elephants standing in front walk idly in the,Athletic_Trainers,healthcare
141,<PIL.JpegImagePlugin.JpegImageFile image mode=RGB size=70x50 at 0x7F59044ABC90>,a man dressed in blue jacket standing a phone ,Audiologists,healthcare
136,<PIL.JpegImagePlugin.JpegImageFile image mode=RGB size=70x50 at 0x7F59044ABD90>,a small boy in a looking each other ,Chiropractors,healthcare
128,<PIL.JpegImagePlugin.JpegImageFile image mode=RGB size=70x50 at 0x7F59044ABE90>,a man are  from a pot together ,Dental_Assistants,healthcare
137,<PIL.JpegImagePlugin.JpegImageFile image mode=RGB size=70x50 at 0x7F59044B6110>,a young woman in a person in suits and acting plain woman cow and standing by a  looking right with a black shirt being help himself in her arms by a man in a small white wrought glasses looking in looking  in a feet in a boat,Dental_Hygienists,healthcare
124,<PIL.JpegImagePlugin.JpegImageFile image mode=RGB size=70x50 at 0x7F59044B60D0>,the cows are putting all outside a black shirt in a room ,Dentists,healthcare
129,<PIL.JpegImagePlugin.JpegImageFile image mode=RGB size=70x50 at 0x7F59044B61D0>,two men are closed tie and hat  hanging in a cart with floral stacked in  toothbrush in front ,Diagnostic_Medical_Sonographers_and_Cardiovascular_Technologists_and_Technicians_Including_Vascular_Technologists,healthcare
120,<PIL.JpegImagePlugin.JpegImageFile image mode=RGB size=69x50 at 0x7F59044B62D0>,a young women who are  playing with a  for himself on his surfboard ,Exercise_Physiologists,healthcare
119,<PIL.JpegImagePlugin.JpegImageFile image mode=RGB size=70x50 at 0x7F59044B63D0>,a couple of men in black and standing next to a fit holding video game controller ,Home_Health_and_Personal_Care_AidesHome_Health_and_Personal_Care_AidesHome_Health_and_Personal_Care_Aides,healthcare
131,<PIL.JpegImagePlugin.JpegImageFile image mode=RGB size=70x50 at 0x7F59044B64D0>,a man standing in wide  on a large  with her suit of a red shirt  gun next to throw a large blue ,Massage_Therapists,healthcare
123,<PIL.JpegImagePlugin.JpegImageFile image mode=RGB size=69x50 at 0x7F59044B65D0>,two people behind two people walking on the camera tie ,Medical_Records_and_Health_Information_Specialists,healthcare
121,<PIL.JpegImagePlugin.JpegImageFile image mode=RGB size=70x50 at 0x7F59044B66D0>,a close up and lady wearing a microphone near her hands and wearing a pizza ,Medical_Transcriptionists,healthcare
145,<PIL.JpegImagePlugin.JpegImageFile image mode=RGB size=70x50 at 0x7F59044B67D0>,a boy is preparing a man and a red shirt is on the woman using a man on a white dress playing in his arm of a dog ,Nursing_Assistants_and_Orderlies,healthcare
144,<PIL.JpegImagePlugin.JpegImageFile image mode=RGB size=69x50 at 0x7F59044B68D0>,a man in a couple of a black and a man in a bathing suit in a light fixture ,Occupational_Therapists,healthcare
147,<PIL.JpegImagePlugin.JpegImageFile image mode=RGB size=70x50 at 0x7F59044B69D0>,a large amount of a shaggy play furniture around in a black arm behind it ,Occupational_Therapy_Assistants_and_Aides,healthcare
130,<PIL.JpegImagePlugin.JpegImageFile image mode=RGB size=70x50 at 0x7F59044B6AD0>,a man holding a guy in a little tie is sitting on a cell phone ,Opticians,healthcare
133,<PIL.JpegImagePlugin.JpegImageFile image mode=RGB size=70x50 at 0x7F5904543E10>,two people standing in front of a woman posing ,Optometrists,healthcare
139,<PIL.JpegImagePlugin.JpegImageFile image mode=RGB size=70x50 at 0x7F59044B6ED0>,a man in suits are talking to flags ,Pharmacists,healthcare
122,<PIL.JpegImagePlugin.JpegImageFile image mode=RGB size=70x50 at 0x7F59044B6DD0>,a man in  and up a formal level ,Phlebotomists,healthcare
134,<PIL.JpegImagePlugin.JpegImageFile image mode=RGB size=70x50 at 0x7F590449C910>,there is two men on a man talking against a movie in a conversation ,Physical_Therapist_Assistants_and_Aides,healthcare
132,<PIL.JpegImagePlugin.JpegImageFile image mode=RGB size=70x50 at 0x7F59044C4150>,a man is standing in the themself ,Physical_Therapists,healthcare
126,<PIL.JpegImagePlugin.JpegImageFile image mode=RGB size=70x50 at 0x7F59044C4110>,a man wearing suits standing next to each other animals ,Physicians_and_Surgeons,healthcare
127,<PIL.JpegImagePlugin.JpegImageFile image mode=RGB size=70x50 at 0x7F59044C4210>,two two people in suits are taking a festive sprinkled with his cell phones ,Podiatrists,healthcare
143,<PIL.JpegImagePlugin.JpegImageFile image mode=RGB size=69x50 at 0x7F59044C4310>,a man holds two people are outdoors by a zebra and in a herd of a frisbee ,Psychiatric_Technicians_and_Aides,healthcare
125,<PIL.JpegImagePlugin.JpegImageFile image mode=RGB size=70x50 at 0x7F59044C4410>,a man and woman who is standing in front and smiles for a phone ,Recreational_Therapists,healthcare
138,<PIL.JpegImagePlugin.JpegImageFile image mode=RGB size=70x50 at 0x7F59044C4510>,a woman in an image mirror on a suit bath room next to another man is eating some tie and catcher and a man in what he stands at a break to reveal a  a man standing in a shot convention with a cow together next to three,Registered_Nurses,healthcare
146,<PIL.JpegImagePlugin.JpegImageFile image mode=RGB size=70x50 at 0x7F59044C4610>,two people are posing for a photo of two computers a very long hair and women in a couch water with two photos of people are talking a man holding their legs in a weird shirt and white horse's pose together in front of two chairs with a animals,Surgical_Technologists,healthcare
142,<PIL.JpegImagePlugin.JpegImageFile image mode=RGB size=70x50 at 0x7F59044C4710>,a man in a black shirt a man standing next to each other in front of the camera looking marked  their neck ,Veterinarians,healthcare
140,<PIL.JpegImagePlugin.JpegImageFile image mode=RGB size=70x50 at 0x7F59044C4810>,two men who is hanging in a frisbee around it ,Veterinary_Assistants_and_Laboratory_Animal_Caretakers,healthcare
151,<PIL.JpegImagePlugin.JpegImageFile image mode=RGB size=70x50 at 0x7F59044C4910>,a pair of three stuffed animals are standing on a smaller frisbee in the sunny day ,Aircraft_and_Avionics_Equipment_Mechanics_and_Technicians,installation_maintenance_repair
158,<PIL.JpegImagePlugin.JpegImageFile image mode=RGB size=70x50 at 0x7F59044C4A10>,a group of men are standing in people ,Automotive_Body_and_Glass_Repairers,installation_maintenance_repair
157,<PIL.JpegImagePlugin.JpegImageFile image mode=RGB size=70x50 at 0x7F59044C4B10>,a man who are riding in a hat ,Diesel_Service_Technicians_and_Mechanics,installation_maintenance_repair
161,<PIL.JpegImagePlugin.JpegImageFile image mode=RGB size=70x50 at 0x7F59044C4C10>,a man in a yellow shirt is outside in her owner ,Electrical_and_Electronics_Installers_and_Repairers,installation_maintenance_repair
160,<PIL.JpegImagePlugin.JpegImageFile image mode=RGB size=70x50 at 0x7F59044C4D10>,inside a large shorts attempts to a black pants rides his face ,General_Maintenance_and_Repair_Workers,installation_maintenance_repair
153,<PIL.JpegImagePlugin.JpegImageFile image mode=RGB size=70x50 at 0x7F59044C4E10>,a man hangs shot of three people riding skis ,Heating_Air_Conditioning_and_Refrigeration_Mechanics_and_Installers,installation_maintenance_repair
156,<PIL.JpegImagePlugin.JpegImageFile image mode=RGB size=70x50 at 0x7F59044D1090>,a man in front of a button that has some  wearing some sort with a pair of a  doing the camera with a camera on a draft neck while standing side of a picture of a black and head to a giant hat in the background ,Heavy_Vehicle_and_Mobile_Equipment_Service_Technicians,installation_maintenance_repair
159,<PIL.JpegImagePlugin.JpegImageFile image mode=RGB size=70x50 at 0x7F59044D1050>,two people are using repair during a meeting at a shop ,Industrial_Machinery_Mechanics_Machinery_Maintenance_Workers_and_Millwrights,installation_maintenance_repair
148,<PIL.JpegImagePlugin.JpegImageFile image mode=RGB size=70x50 at 0x7F59044D1150>,a blue and white photo of a man on a blue sky background ,Line_Installers_and_Repairers,installation_maintenance_repair
150,<PIL.JpegImagePlugin.JpegImageFile image mode=RGB size=70x50 at 0x7F59044D1250>,a group of men looking at a has a table with skis ,Medical_Equipment_Repairers,installation_maintenance_repair
152,<PIL.JpegImagePlugin.JpegImageFile image mode=RGB size=70x50 at 0x7F59044D1350>,a man hangs roots in their hands of a long hair ,Small_Engine_Mechanics,installation_maintenance_repair
155,<PIL.JpegImagePlugin.JpegImageFile image mode=RGB size=70x50 at 0x7F59044D1450>,two people standing next to each other ,Technicians_and_Mechanics,installation_maintenance_repair
154,<PIL.JpegImagePlugin.JpegImageFile image mode=RGB size=72x50 at 0x7F59044D1550>,the man in aged man leans up tie and preparing slips at a camera while another man and white shirt ,Telecommunications_Equipment_Installers_and_Repairers,installation_maintenance_repair
149,<PIL.JpegImagePlugin.JpegImageFile image mode=RGB size=70x50 at 0x7F59044D1650>,a black and a person is getting a dress standing on top under a surf board ,Wind_Turbine_Technicians,installation_maintenance_repair
166,<PIL.JpegImagePlugin.JpegImageFile image mode=RGB size=70x50 at 0x7F59044D1750>,a man is sitting next to a sofa are singing over two chairs near a  all and nice snowboards are layer sofa standing near a connected very bright and a wetsuit and chairs in front of a red and a very nice other furniture and a christmas colors,Arbitrators_Mediators_and_Conciliators,legal_occupations
163,<PIL.JpegImagePlugin.JpegImageFile image mode=RGB size=72x50 at 0x7F59044D1850>,a white vase is  grassy area and bar ,Court_Reporters_and_Simultaneous_Captioners,legal_occupations
165,<PIL.JpegImagePlugin.JpegImageFile image mode=RGB size=70x50 at 0x7F59044D1950>,a man  playing a video game in front of a  ,Judges_and_Hearing_Officers,legal_occupations
162,<PIL.JpegImagePlugin.JpegImageFile image mode=RGB size=72x50 at 0x7F59044D1A50>,a man and white trunks and two girls playing in front of a shirt waits for a grassy area ,Lawyers,legal_occupations
164,<PIL.JpegImagePlugin.JpegImageFile image mode=RGB size=70x50 at 0x7F59044D1B50>,two people dressed in a snowboarder in a  with a person holding a t shirt holding a television in the reflection in a microphone up while holding a  in a button in a man in a house looking into the large building ,Paralegals_and_Legal_Assistants,legal_occupations
187,<PIL.JpegImagePlugin.JpegImageFile image mode=RGB size=70x50 at 0x7F59044D1C50>,this is a bunch of young men in a tree in an shoulder ,Agricultural_and_Food_Science_Technicians,life_physical_and_social_science
188,<PIL.JpegImagePlugin.JpegImageFile image mode=RGB size=70x50 at 0x7F59044D1D50>,a man in a tie with a microphone slips on a cake ,Agricultural_and_Food_Scientists,life_physical_and_social_science
183,<PIL.JpegImagePlugin.JpegImageFile image mode=RGB size=70x50 at 0x7F59044D1E50>,there is a brown cows herded drinking water in front of a dry grass with people walking on the sand ,Anthropologists_and_Archeologists,life_physical_and_social_science
179,<PIL.JpegImagePlugin.JpegImageFile image mode=RGB size=70x50 at 0x7F590445E0D0>,group of people in a large jeans and a large  rowing tied to a water set of it not is ocean ,Atmospheric_Scientists_Including_Meteorologists,life_physical_and_social_science
185,<PIL.JpegImagePlugin.JpegImageFile image mode=RGB size=70x50 at 0x7F590445E090>,an image of cake with a cherry legs and eating disc ,Biochemists_and_BiophysicistsBiochemists_and_Biophysicists,life_physical_and_social_science
168,<PIL.JpegImagePlugin.JpegImageFile image mode=RGB size=70x50 at 0x7F590445E190>,a man in a mean are standing and white flowers in a store face ,Biological_Technicians,life_physical_and_social_science
186,<PIL.JpegImagePlugin.JpegImageFile image mode=RGB size=70x50 at 0x7F590445E290>,a biker staff playing ties posing for a wedding bow tie ,Chemical_Technicians,life_physical_and_social_science
193,<PIL.JpegImagePlugin.JpegImageFile image mode=RGB size=70x50 at 0x7F590445E390>,two people through a stylish man in a man ,Chemists_and_Materials_Scientists,life_physical_and_social_science
171,<PIL.JpegImagePlugin.JpegImageFile image mode=RGB size=70x50 at 0x7F590445E490>,a person in a foal ,Conservation_Scientists_and_Foresters,life_physical_and_social_science
194,<PIL.JpegImagePlugin.JpegImageFile image mode=RGB size=68x50 at 0x7F590445E590>,a man and two men are in a triple american flag inside a very pretty break on a selfie with people ,Economists,life_physical_and_social_science
172,<PIL.JpegImagePlugin.JpegImageFile image mode=RGB size=70x50 at 0x7F59044DAA10>,a person standing side of a park in the daytime ,Environmental_Science_and_Protection_Technicians,life_physical_and_social_science
190,<PIL.JpegImagePlugin.JpegImageFile image mode=RGB size=70x50 at 0x7F590445E690>,a person in suits talk to get his shoulders ,Environmental_Scientists_and_Specialists,life_physical_and_social_science
169,<PIL.JpegImagePlugin.JpegImageFile image mode=RGB size=70x50 at 0x7F590445E890>,couple of men and tie and a tie is having a woman in a man taking a suit wearing a suit talking on top of a shirt in a black and smile with a microphone in a giant unused  and blue shirt and holding a long hair with,Epidemiologists,life_physical_and_social_science
184,<PIL.JpegImagePlugin.JpegImageFile image mode=RGB size=70x50 at 0x7F590445E910>,a group of people standing in paper ,Forensic_Science_Technicians,life_physical_and_social_science
177,<PIL.JpegImagePlugin.JpegImageFile image mode=RGB size=70x50 at 0x7F590445EA90>,a man is in hats and tie grazing ,Geographers,life_physical_and_social_science
191,<PIL.JpegImagePlugin.JpegImageFile image mode=RGB size=70x50 at 0x7F590445EB90>,a man in a  riding in a herd of a man behind him ,Geological_and_Hydrologic_Technicians,life_physical_and_social_science
178,<PIL.JpegImagePlugin.JpegImageFile image mode=RGB size=70x50 at 0x7F590445EC90>,a man on a green river with her arm ,Geoscientists,life_physical_and_social_science
170,<PIL.JpegImagePlugin.JpegImageFile image mode=RGB size=68x50 at 0x7F590445ED90>,a group of men are one another man in a lot of a man in a man watches something with gentlemen on a shaggy ugly looking out from another man in plaid shirt and yellow shirts well picking up a area with a birthday book ,Historians,life_physical_and_social_science
182,<PIL.JpegImagePlugin.JpegImageFile image mode=RGB size=70x50 at 0x7F590445EE90>,a group of people stand and women suit leather suit near a pot on top of baggage ,Hydrologists,life_physical_and_social_science
167,<PIL.JpegImagePlugin.JpegImageFile image mode=RGB size=70x50 at 0x7F590446B110>,a man and white to a reflection of a man in a suit of people stand on a blue sky ,Medical_Scientists,life_physical_and_social_science
175,<PIL.JpegImagePlugin.JpegImageFile image mode=RGB size=70x50 at 0x7F590446B0D0>,two men are grouped together in an older singing into a spray and looking onward ,Microbiologists,life_physical_and_social_science
195,<PIL.JpegImagePlugin.JpegImageFile image mode=RGB size=70x50 at 0x7F590446B1D0>,some people in suit standing in the end ,Nuclear_Technicians,life_physical_and_social_science
189,<PIL.JpegImagePlugin.JpegImageFile image mode=RGB size=70x50 at 0x7F590446B2D0>,a man riding a  musician in a store ,Physicists_and_Astronomers,life_physical_and_social_science
192,<PIL.JpegImagePlugin.JpegImageFile image mode=RGB size=70x50 at 0x7F590446B3D0>,a man and a group of young woman taking two people in a green shirt and tie and playing in a baby ,Political_Scientists,life_physical_and_social_science
173,<PIL.JpegImagePlugin.JpegImageFile image mode=RGB size=68x50 at 0x7F590446B4D0>,two people standing on something with white shirt and brown dog in the middle of his teeth ,Psychologists,life_physical_and_social_science
174,<PIL.JpegImagePlugin.JpegImageFile image mode=RGB size=70x50 at 0x7F590446B5D0>,two men all his beard and smiling ,Sociologists,life_physical_and_social_science
176,<PIL.JpegImagePlugin.JpegImageFile image mode=RGB size=69x50 at 0x7F590446B6D0>,two women stand in suits are posing for with their arm in a man ,Survey_Researchers,life_physical_and_social_science
181,<PIL.JpegImagePlugin.JpegImageFile image mode=RGB size=70x50 at 0x7F590446B7D0>,various men riding a photo in black hat and gloves gathered together ,Urban_and_Regional_Planners,life_physical_and_social_science
180,<PIL.JpegImagePlugin.JpegImageFile image mode=RGB size=70x50 at 0x7F590446B8D0>,a man smiling couple of a man falling across a  a man with a park ,Zoologists_and_Wildlife_Biologists,life_physical_and_social_science
213,<PIL.JpegImagePlugin.JpegImageFile image mode=RGB size=70x50 at 0x7F590446B9D0>,two people standing in white oxen ,Administrative_Services_and_Facilities_Managers,management
200,<PIL.JpegImagePlugin.JpegImageFile image mode=RGB size=70x50 at 0x7F590446BAD0>,a man is a very work and yellow dog in front of a dog ,Advertising_Promotions_and_Marketing_Managers,management
217,<PIL.JpegImagePlugin.JpegImageFile image mode=RGB size=70x50 at 0x7F590446BBD0>,a group of children walk around a herd of a group of children playing drums nearby trees skiers stand together on their kids standing around a crowd of people on a group of soccer together walk around them stand all pictures while others hit three men riding their people,Architectural_and_Engineering_Managers,management
212,<PIL.JpegImagePlugin.JpegImageFile image mode=RGB size=70x50 at 0x7F590446BCD0>,there are a man in a man in  taking a man listening to the camera and putting up the air while wearing suits are being moved at a bat ,Compensation_and_Benefits_Managers,management
202,<PIL.JpegImagePlugin.JpegImageFile image mode=RGB size=70x50 at 0x7F590446BDD0>,the couple of people are competing in a large black shirt ,Computer_and_Information_Systems_Managers,management
204,<PIL.JpegImagePlugin.JpegImageFile image mode=RGB size=70x50 at 0x7F590446BFD0>,two men are in a picture in an elephant ,Construction_Managers,management
196,<PIL.JpegImagePlugin.JpegImageFile image mode=RGB size=70x50 at 0x7F590447A150>, man standing behind a moving through window while putting up a giant store ,Elementary_Middle_and_High_School_Principals,management
218,<PIL.JpegImagePlugin.JpegImageFile image mode=RGB size=72x50 at 0x7F590447A110>,a person in a blue suit stands among their colors and white dress in a group of a shallow wrong catching a wall and posing for a persons wii ,Emergency_Management_Directors,management
207,<PIL.JpegImagePlugin.JpegImageFile image mode=RGB size=70x50 at 0x7F590447A210>,a man inside a large all and orange tie all each other two stages of a picture in her face ,Farmers_Ranchers_and_Other_Agricultural_Managers,management
211,<PIL.JpegImagePlugin.JpegImageFile image mode=RGB size=70x50 at 0x7F590447A310>,five men in a red shirt poses among other others watch ,Financial_Managers,management
219,<PIL.JpegImagePlugin.JpegImageFile image mode=RGB size=70x50 at 0x7F590447A410>,a group of men that have a blue tie in a white dress shirt holding a white oxen ,Food_Service_Managers,management
206,<PIL.JpegImagePlugin.JpegImageFile image mode=RGB size=69x50 at 0x7F590447A510>,a man with people are standing next to each other protects ,Human_Resources_Managers,management
201,<PIL.JpegImagePlugin.JpegImageFile image mode=RGB size=70x50 at 0x7F590447A610>,a group of men standing in wet suit and a grey shirt and blue and a trick on the top of a black dress suit walk by a bridge in the air on a man in red and friend has a low against a  standing on the rain,Industrial_Production_Managers,management
205,<PIL.JpegImagePlugin.JpegImageFile image mode=RGB size=70x50 at 0x7F590447A710>,several people in suits are talking to chats at a man standing with multiple photos on paper as they get each other people play an  dressed in front of a business suits posing for she stands behind each other men standing together in uniforms standing and scarf in,Lodging_Managers,management
208,<PIL.JpegImagePlugin.JpegImageFile image mode=RGB size=72x50 at 0x7F590447A810>,a man makes a woman cooking a shirt talking in a man waiting to a black shirt a man is eating of silver shirt and a man standing in a large rooftop and one woman looking toward a man checking his kitchen scene in suits are talking to a,Medical_and_Health_Services_Managers,management
215,<PIL.JpegImagePlugin.JpegImageFile image mode=RGB size=70x50 at 0x7F590447A910>,a man and smiling zebra picks up a game in his hands in this crowd posing in the camera ,Natural_Sciences_Managers,management
214,<PIL.JpegImagePlugin.JpegImageFile image mode=RGB size=73x50 at 0x7F590447AA10>,a man in suits and two photos in the front of a house ,Postsecondary_Education_Administrators,management
198,<PIL.JpegImagePlugin.JpegImageFile image mode=RGB size=70x48 at 0x7F590447AB10>,two people are in a main on the computer ,Preschool_and_Childcare_Center_Directors,management
210,<PIL.JpegImagePlugin.JpegImageFile image mode=RGB size=70x50 at 0x7F590447AC10>,four people standing in suits are talking to help ,Property_Real_Estate_and_Community_Association_Managers,management
199,<PIL.JpegImagePlugin.JpegImageFile image mode=RGB size=70x50 at 0x7F590447AD10>,a couple of men and smile at a rooftop  some another woman in a room preparing a pony using a woman ,Public_Relations_and_Fundraising_Managers,management
209,<PIL.JpegImagePlugin.JpegImageFile image mode=RGB size=70x50 at 0x7F590447AE10>,a man in glasses and one person in each using two others pose together ,Sales_Managers,management
197,<PIL.JpegImagePlugin.JpegImageFile image mode=RGB size=70x50 at 0x7F590445E9D0>,two four men are ,Social_and_Community_Service_Managers,management
216,<PIL.JpegImagePlugin.JpegImageFile image mode=RGB size=71x50 at 0x7F59045E66D0>,five skiers walk through a barn of an feet and beard watching her arms ,Top_Executives,management
203,<PIL.JpegImagePlugin.JpegImageFile image mode=RGB size=70x50 at 0x7F5904488290>,men and two women stand in suits looking at their smiling ,Training_and_Development_Managers,management
221,<PIL.JpegImagePlugin.JpegImageFile image mode=RGB size=69x50 at 0x7F5904488250>,a man in a man sitting on a dictionary tv down a formal apartment ,Actuaries,math
220,<PIL.JpegImagePlugin.JpegImageFile image mode=RGB size=70x50 at 0x7F5904488350>,a girl who is sitting on the top of a laptop computer in a blue  ,Mathematicians_and_Statisticians,math
222,<PIL.JpegImagePlugin.JpegImageFile image mode=RGB size=71x50 at 0x7F5904488450>,a man playing some suits using laptops out of a white pants wearing a white t shirt microwave and smiling ,Operations_Research_Analysts,math
228,<PIL.JpegImagePlugin.JpegImageFile image mode=RGB size=70x50 at 0x7F5904488550>,an men are using two others stand together by an office stands smiling ,Announcers,media_and_communication
226,<PIL.JpegImagePlugin.JpegImageFile image mode=RGB size=70x50 at 0x7F5904488650>,a man who is standing in a  on his tie ,Broadcast_Sound_and_Video_Technicians,media_and_communication
227,<PIL.JpegImagePlugin.JpegImageFile image mode=RGB size=70x50 at 0x7F5904488750>,two men in his woman posing for the entrance and gloves and talking on top of a  ,Editors,media_and_communication
232,<PIL.JpegImagePlugin.JpegImageFile image mode=RGB size=70x50 at 0x7F5904488850>,a man and black and black and two people a woman  and a red and white hair leaning on the and a blue shirt with a sandwich ,Film_and_Video_Editors_and_Camera_Operators,media_and_communication
229,<PIL.JpegImagePlugin.JpegImageFile image mode=RGB size=70x50 at 0x7F5904488950>,a man in a suit and tie making a man ,Interpreters_and_Translators,media_and_communication
231,<PIL.JpegImagePlugin.JpegImageFile image mode=RGB size=70x50 at 0x7F5904488A50>,a man squinting at a baby sprinkles wearing hats ,Photographers,media_and_communication
230,<PIL.JpegImagePlugin.JpegImageFile image mode=RGB size=70x50 at 0x7F5904488D90>,a couple of a man who is in a customer ,Public_Relations_Specialists,media_and_communication
225,<PIL.JpegImagePlugin.JpegImageFile image mode=RGB size=70x50 at 0x7F5904488E90>,a man ties dressed in other men with a microphone in their deer ,Reporters_Correspondents_and_Broadcast_News_Analysts,media_and_communication
223,<PIL.JpegImagePlugin.JpegImageFile image mode=RGB size=70x50 at 0x7F5904488D50>,a man and white photo of people each other people on his cell phones ,Technical_Writers,media_and_communication
224,<PIL.JpegImagePlugin.JpegImageFile image mode=RGB size=70x50 at 0x7F5904488C50>,an image of people are in jeans and chairs with a photo of a  area in the green white its mouth ,Writers_and_Authors,media_and_communication
233,<PIL.JpegImagePlugin.JpegImageFile image mode=RGB size=150x108 at 0x7F5904412150>,a large gray plane at a wire run down the london ,military,military
242,<PIL.JpegImagePlugin.JpegImageFile image mode=RGB size=70x50 at 0x7F5904412290>,two men in suit and santa claus ties while a man in a woman shoulder holding a pool at a pair of a ruffled jeans ,Bill_and_Account_Collectors,office_and_administrative_support
241,<PIL.JpegImagePlugin.JpegImageFile image mode=RGB size=70x50 at 0x7F5904412390>,a couple of people stand with a picture in front of a white stove ,Bookkeeping_Accounting_and_Auditing_Clerks,office_and_administrative_support
236,<PIL.JpegImagePlugin.JpegImageFile image mode=RGB size=70x50 at 0x7F5904412350>,two men standing next to each other still ,Customer_Service_Representatives,office_and_administrative_support
235,<PIL.JpegImagePlugin.JpegImageFile image mode=RGB size=69x50 at 0x7F5904412450>,a man with a woman wearing a blue shirt and arm wearing a woman in another couple of a white shirt eating an office area ,Desktop_Publishers,office_and_administrative_support
240,<PIL.JpegImagePlugin.JpegImageFile image mode=RGB size=70x50 at 0x7F5904412550>,two men standing in a woman in a giant tie ,Financial_Clerks,office_and_administrative_support
244,<PIL.JpegImagePlugin.JpegImageFile image mode=RGB size=69x50 at 0x7F5904412650>,a man is standing outside in a pin ,General_Office_Clerks,office_and_administrative_support
238,<PIL.JpegImagePlugin.JpegImageFile image mode=RGB size=70x50 at 0x7F5904412750>,the woman stands and white photo of art about to a team contains a  her reflection in front of her arm trunk at classroom ,Information_Clerks,office_and_administrative_support
245,<PIL.JpegImagePlugin.JpegImageFile image mode=RGB size=70x50 at 0x7F5904412850>,a man in a group of men in a man and a fenced in front of a room in front of his television ,Material_Recording_Clerks,office_and_administrative_support
239,<PIL.JpegImagePlugin.JpegImageFile image mode=RGB size=70x50 at 0x7F5904412950>,a person playing in a suit with a wedding stand together ,Police_Fire_and_Ambulance_Dispatchers,office_and_administrative_support
246,<PIL.JpegImagePlugin.JpegImageFile image mode=RGB size=70x50 at 0x7F5904412A50>,two men in a large horns in a wood shaped area with gold with their hands standing on a sidewalk ,Postal_Service_Workers,office_and_administrative_support
234,<PIL.JpegImagePlugin.JpegImageFile image mode=RGB size=70x50 at 0x7F5904412B50>,a man in swim tie sweatshirt posing with two children ,Receptionists,office_and_administrative_support
243,<PIL.JpegImagePlugin.JpegImageFile image mode=RGB size=70x50 at 0x7F5904412C50>,a man and white shirt and dress is posing with her hot dogs ,Secretaries_and_Administrative_Assistants,office_and_administrative_support
237,<PIL.JpegImagePlugin.JpegImageFile image mode=RGB size=70x50 at 0x7F5904412D50>,a man and sitting on top of bikes on it ,Tellers,office_and_administrative_support
247,<PIL.JpegImagePlugin.JpegImageFile image mode=RGB size=70x50 at 0x7F5904412E50>,a man in a purple horses in the water ,Animal_Care_and_Service_Workers,personal_care_and_service
254,<PIL.JpegImagePlugin.JpegImageFile image mode=RGB size=70x50 at 0x7F590441D0D0>,a hipster a man on a very young children ,Barbers_Hairstylists_and_Cosmetologists,personal_care_and_service
248,<PIL.JpegImagePlugin.JpegImageFile image mode=RGB size=70x50 at 0x7F590441D090>,five people in a young man standing next to a  and with her head against it ,Childcare_Workers,personal_care_and_service
255,<PIL.JpegImagePlugin.JpegImageFile image mode=RGB size=70x50 at 0x7F590441D190>,a young woman is standing together in front of a woman chats to each other putting her smart office door ,Fitness_Trainers_and_Instructors,personal_care_and_service
252,<PIL.JpegImagePlugin.JpegImageFile image mode=RGB size=70x50 at 0x7F590441D290>,a man in an umbrella behind it ,Funeral_Service_Workers,personal_care_and_service
250,<PIL.JpegImagePlugin.JpegImageFile image mode=RGB size=67x50 at 0x7F590441D390>,a man riding a juggler nose in an apron doing a class in the sky ,Gambling_Services_Workers,personal_care_and_service
253,<PIL.JpegImagePlugin.JpegImageFile image mode=RGB size=70x50 at 0x7F590441D490>,a young man that is holding two girls in her fur stands by wearing their arms holding a wave with a log ,Manicurists_and_Pedicurists,personal_care_and_service
249,<PIL.JpegImagePlugin.JpegImageFile image mode=RGB size=70x50 at 0x7F59044881D0>,a group of people are in a field with a group of three kids walking across a palm trees and snowboards ,Recreation_Workers,personal_care_and_service
251,<PIL.JpegImagePlugin.JpegImageFile image mode=RGB size=70x50 at 0x7F59045E6050>,a man at a  at a pillow near a small wooden table with a table with a couch sofa on a another with a large white dog and looking at a kitchen trunk on a couch lighting and a small sofa ,Skincare_Specialists,personal_care_and_service
268,<PIL.JpegImagePlugin.JpegImageFile image mode=RGB size=70x50 at 0x7F590441D850>,three people are playing some trunk walking by a logs ,Assemblers_and_Fabricators,production
259,<PIL.JpegImagePlugin.JpegImageFile image mode=RGB size=70x50 at 0x7F590441D810>,a man is taking a dog out in front of a fire place ,Bakers,production
269,<PIL.JpegImagePlugin.JpegImageFile image mode=RGB size=70x50 at 0x7F590441D990>,a boy smiling man using a phone ,Butchers,production
257,<PIL.JpegImagePlugin.JpegImageFile image mode=RGB size=70x50 at 0x7F590441DA90>,a person riding on a large african style clothing ,Dental_and_Ophthalmic_Laboratory_Technicians_and_Medical_Appliance_Technicians,production
264,<PIL.JpegImagePlugin.JpegImageFile image mode=RGB size=69x50 at 0x7F590441DB90>,a man is a purple tall bow rug in head on a large colors ,Food_and_Tobacco_Processing_Workers,production
256,<PIL.JpegImagePlugin.JpegImageFile image mode=RGB size=70x50 at 0x7F590441DC90>,a women who is next to a room in front of a  in a  the time as his kids stand in front of bananas ,Jewelers_and_Precious_Stone_and_Metal_Workers,production
263,<PIL.JpegImagePlugin.JpegImageFile image mode=RGB size=70x50 at 0x7F590441DD90>,two men pointing a man on refrigerator and tongs ,Machinists_and_Tool_and_Die_Makers,production
258,<PIL.JpegImagePlugin.JpegImageFile image mode=RGB size=72x50 at 0x7F590441DE90>,a man and suit  something is seen hanging on a white table ,Metal_and_Plastic_Machine_Workers,production
261,<PIL.JpegImagePlugin.JpegImageFile image mode=RGB size=70x50 at 0x7F590442A110>,two cats stand inside of shower ,Painting_and_Coating_Workers,production
270,<PIL.JpegImagePlugin.JpegImageFile image mode=RGB size=70x50 at 0x7F590442A0D0>,a man riding a air shot of a suit and suit in a  by a piece of a  ,Power_Plant_Operators_Distributors_and_Dispatchers,production
266,<PIL.JpegImagePlugin.JpegImageFile image mode=RGB size=70x50 at 0x7F590442A1D0>,a man is in a young boy is standing at a zoo trunk ,Quality_Control_Inspectors,production
260,<PIL.JpegImagePlugin.JpegImageFile image mode=RGB size=70x50 at 0x7F590442A2D0>,a picture of people standing in a broom ,Stationary_Engineers_and_Boiler_Operators,production
265,<PIL.JpegImagePlugin.JpegImageFile image mode=RGB size=70x50 at 0x7F590442A3D0>,some people tries to each other ,Water_and_Wastewater_Treatment_Plant_and_System_Operators,production
267,<PIL.JpegImagePlugin.JpegImageFile image mode=RGB size=70x50 at 0x7F590442A4D0>,a large small large old  of sheep are in green british banquet ,Welders_Cutters_Solderers_and_Brazers,production
262,<PIL.JpegImagePlugin.JpegImageFile image mode=RGB size=70x50 at 0x7F590442A5D0>,a man in  in a dress ,Woodworkers,production
273,<PIL.JpegImagePlugin.JpegImageFile image mode=RGB size=70x50 at 0x7F590442A6D0>,a woman in a young woman in a woman in a floral arrives hand ,Correctional_Officers_and_Bailiffs,protective_service
275,<PIL.JpegImagePlugin.JpegImageFile image mode=RGB size=70x50 at 0x7F590442A7D0>,a woman that is in front of water with glasses and walking on the clear glass and vest next to a table ,Fire_Inspectors,protective_service
274,<PIL.JpegImagePlugin.JpegImageFile image mode=RGB size=70x50 at 0x7F590442A8D0>,a woman are standing together in a man next to each other animals on wooden jet observe a very woman ,Firefighters,protective_service
271,<PIL.JpegImagePlugin.JpegImageFile image mode=RGB size=70x50 at 0x7F590442A9D0>,a person who is working a motor way down on top of a dog ,Police_and_Detectives,protective_service
276,<PIL.JpegImagePlugin.JpegImageFile image mode=RGB size=70x50 at 0x7F590442AAD0>,a man in asian working together in a blanket ,Private_Detectives_and_Investigators,protective_service
272,<PIL.JpegImagePlugin.JpegImageFile image mode=RGB size=72x50 at 0x7F590442ABD0>,a boy in a large black hat walking on a frisbee near trees ,Security_Guards_and_Gambling_Surveillance_Officers,protective_service
280,<PIL.JpegImagePlugin.JpegImageFile image mode=RGB size=70x50 at 0x7F590442ACD0>,a man and women boarding in a long young woman with a  off some dress walks by each other ,Advertising_Sales_Agents,sales
278,<PIL.JpegImagePlugin.JpegImageFile image mode=RGB size=70x50 at 0x7F590442ADD0>,five people using a very serious are standing in a blue and brown and tie and white cows stand together in suits sitting on some chefs lined on display shop ,Cashiers,sales
279,<PIL.JpegImagePlugin.JpegImageFile image mode=RGB size=70x50 at 0x7F590442AFD0>,two men in each other arm stands while in a phone ,Insurance_Sales_Agents,sales
283,<PIL.JpegImagePlugin.JpegImageFile image mode=RGB size=70x50 at 0x7F5904438150>,a boy in a man holding a dog takes a man with a crib with one is posing with a woman in front of a pair of a pink shirt holding something in each other playing disc ,Models,sales
281,<PIL.JpegImagePlugin.JpegImageFile image mode=RGB size=69x50 at 0x7F5904438110>,the man and a man smile to the bed in the middle of a picture of owls to her head out ,Real_Estate_Brokers_and_Sales_Agents,sales
286,<PIL.JpegImagePlugin.JpegImageFile image mode=RGB size=70x50 at 0x7F5904438210>,a woman walking though public wear by  ,Retail_Sales_Workers,sales
277,<PIL.JpegImagePlugin.JpegImageFile image mode=RGB size=70x50 at 0x7F5904438310>,two photos of people taking a house talking to text out of a blue and talking to walk convention ,Sales_Engineers,sales
284,<PIL.JpegImagePlugin.JpegImageFile image mode=RGB size=70x50 at 0x7F5904438410>,two people are standing around a home ,Securities_Commodities_and_Financial_Services_Sales_Agents,sales
282,<PIL.JpegImagePlugin.JpegImageFile image mode=RGB size=70x50 at 0x7F5904438510>,two men who is reading something with a  on the floor ,Travel_Agents,sales
285,<PIL.JpegImagePlugin.JpegImageFile image mode=RGB size=70x50 at 0x7F5904438610>,a man in a small  in a large floral ,Wholesale_and_Manufacturing_Sales_Representatives,sales
289,<PIL.JpegImagePlugin.JpegImageFile image mode=RGB size=70x50 at 0x7F5904438710>,a couple of swan end of a drums ,Air_Traffic_Controllers,transportation_and_material_moving
293,<PIL.JpegImagePlugin.JpegImageFile image mode=RGB size=70x50 at 0x7F5904438810>,a group of women in the baby and skinny carriage walking along ,Airline_and_Commercial_Pilots,transportation_and_material_moving
288,<PIL.JpegImagePlugin.JpegImageFile image mode=RGB size=70x50 at 0x7F5904438910>,a man has a man on a stand in the trunk on the camera ,Delivery_Truck_Drivers_and_Driver_Sales_Workers,transportation_and_material_moving
292,<PIL.JpegImagePlugin.JpegImageFile image mode=RGB size=70x50 at 0x7F5904438A10>,a man and smiling  ,Flight_Attendants,transportation_and_material_moving
290,<PIL.JpegImagePlugin.JpegImageFile image mode=RGB size=70x50 at 0x7F5904438B10>,a man in another person in an old man and a man sits in lounge counter with her men with three people standing on a couch and a pair of women wearing glasses ,Hand_Laborers_and_Material_Movers,transportation_and_material_moving
294,<PIL.JpegImagePlugin.JpegImageFile image mode=RGB size=70x50 at 0x7F5904438C10>,someone carry letters a suit strapped down a road ,Heavy_and_Tractor-trailer_Truck_Drivers,transportation_and_material_moving
287,<PIL.JpegImagePlugin.JpegImageFile image mode=RGB size=70x50 at 0x7F5904438D10>,a man in a hat and guitar ,Material_Moving_Machine_Operators,transportation_and_material_moving
291,<PIL.JpegImagePlugin.JpegImageFile image mode=RGB size=70x50 at 0x7F5904438E10>,there is a bus stopped at a light with a building with umbrellas ,Passenger_Vehicle_Drivers,transportation_and_material_moving
295,<PIL.JpegImagePlugin.JpegImageFile image mode=RGB size=70x50 at 0x7F5904444090>,two people are featured in a red and train suitcase next to daisies in a secluded area with a very city area ,Railroad_Workers,transportation_and_material_moving
296,<PIL.JpegImagePlugin.JpegImageFile image mode=RGB size=70x50 at 0x7F5904444050>,a person riding a picture painted a brown cat talking on top of a group of two black shirt ,Water_Transportation_Workers,transportation_and_material_moving
